postcode,tax_individuals,medicare_levy_surcharge_num,govt_allow_payments_num,govt_pensions_allow_num,private_health_num
2600,"5,581",119,153,175,"4,597"
2601,"2,658",88,216,41,"1,637"
2602,"19,457",565,"1,238",892,"13,434"
2603,"6,478",131,239,157,"5,193"
2604,"7,387",248,272,230,"5,465"
2605,"7,437",170,211,444,"5,844"
2606,"6,312",163,311,363,"4,058"
2607,"9,224",199,328,571,"6,981"
2609,561,12,45,31,299
2611,"17,714",424,671,"1,188","13,333"
2612,"10,180",274,633,185,"6,678"
2614,"12,324",244,609,815,"8,760"
2615,"27,270",538,"1,523","1,578","17,854"
2617,"20,445",414,"1,210",860,"13,296"
2900,"1,274",45,49,65,822
2902,"9,314",226,399,559,"6,494"
2903,"5,912",106,260,347,"4,101"
2904,"8,647",178,255,494,"6,607"
2905,"18,219",340,827,812,"11,932"
2906,"11,137",224,461,435,"7,467"
2911,"2,900",71,79,53,"1,981"
2912,"3,815",92,199,86,"2,162"
2913,"21,950",423,969,695,"14,363"
2914,"14,761",342,573,294,"9,607"
ACT other,685,13,34,39,382
2000,"24,207",385,331,132,"7,710"
2006,79,2,4,2,53
2007,"4,879",71,211,53,"1,763"
2008,"6,025",140,356,44,"2,678"
2009,"9,763",260,266,137,"5,628"
2010,"20,638",727,868,240,"11,789"
2011,"15,288",481,557,309,"8,926"
2015,"7,444",196,333,81,"4,927"
2016,"8,718",252,533,172,"4,955"
2017,"14,025",392,605,188,"7,594"
2018,"9,425",145,509,291,"4,995"
2019,"6,578",124,258,206,"4,068"
2020,"9,856",177,359,211,"5,011"
2021,"10,987",311,402,208,"8,190"
2022,"9,078",200,287,270,"5,739"
2023,"7,254",146,192,113,"5,837"
2024,"7,561",220,231,229,"5,559"
2025,"5,340",116,138,156,"4,293"
2026,"24,401",780,800,502,"15,201"
2027,"5,995",157,137,144,"4,942"
2028,"3,520",83,87,79,"2,808"
2029,"7,020",153,220,237,"5,551"
2030,"9,819",136,255,216,"8,281"
2031,"23,160",566,786,620,"15,896"
2032,"8,418",118,455,269,"4,932"
2033,"7,203",132,377,162,"4,416"
2034,"14,469",471,512,342,"9,766"
2035,"21,300",368,915,801,"14,203"
2036,"16,592",274,819,772,"10,133"
2037,"10,248",283,688,221,"6,153"
2038,"5,999",132,301,135,"4,415"
2039,"5,863",153,173,133,"4,531"
2040,"13,258",288,635,387,"9,655"
2041,"10,970",259,352,255,"8,751"
2042,"13,060",319,993,231,"7,827"
2043,"5,762",185,248,70,"3,974"
2044,"5,079",125,318,115,"2,901"
2045,"3,974",54,116,131,"3,084"
2046,"16,470",257,548,721,"12,628"
2047,"7,763",141,225,254,"6,098"
2048,"5,157",126,352,130,"3,381"
2049,"7,044",165,518,205,"4,384"
2050,"5,617",177,339,72,"3,689"
2052,133,1,30,0,54
2060,"10,632",325,296,278,"7,826"
2061,"4,551",156,116,70,"3,438"
2062,"4,697",75,116,121,"3,862"
2063,"4,298",66,90,104,"3,757"
2064,"6,232",92,238,168,"4,514"
2065,"21,082",466,575,503,"16,348"
2066,"20,273",308,590,649,"16,119"
2067,"16,593",250,528,474,"10,971"
2068,"10,699",125,288,337,"8,966"
2069,"9,231",104,242,275,"7,821"
2070,"8,899",94,256,282,"7,472"
2071,"8,873",112,243,271,"7,427"
2072,"5,130",41,145,157,"4,134"
2073,"10,559",97,293,325,"9,130"
2074,"14,428",125,385,767,"12,438"
2075,"13,471",136,347,674,"11,600"
2076,"15,335",169,483,726,"12,823"
2077,"22,931",273,"1,102","1,007","15,479"
2079,"4,583",44,183,215,"3,517"
2080,"1,083",21,40,58,817
2081,"3,394",38,123,153,"2,691"
2082,"3,313",30,91,188,"2,599"
2083,"1,005",18,39,58,672
2084,"2,426",30,67,102,"2,032"
2085,"7,207",76,175,565,"5,948"
2086,"8,313",86,234,448,"6,677"
2087,"7,770",72,240,396,"6,329"
2088,"19,753",417,450,528,"16,499"
2089,"8,908",251,266,263,"6,783"
2090,"9,342",195,194,272,"7,487"
2092,"4,572",71,121,138,"3,863"
2093,"14,769",201,422,514,"11,529"
2094,"4,260",108,103,148,"3,306"
2095,"12,312",404,260,272,"8,432"
2096,"10,021",222,273,262,"7,430"
2097,"10,270",97,282,466,"7,679"
2099,"25,910",341,"1,000","1,134","16,423"
2100,"13,699",150,466,640,"9,948"
2101,"12,553",144,396,742,"9,145"
2102,"4,663",66,123,211,"3,475"
2103,"7,321",71,224,448,"5,627"
2104,"2,407",32,61,159,"2,045"
2105,"1,381",30,37,49,"1,066"
2106,"6,619",78,200,287,"5,135"
2107,"10,122",127,294,484,"7,894"
2108,"1,297",24,41,32,"1,045"
2110,"6,050",71,154,195,"5,245"
2111,"9,073",136,338,309,"6,891"
2112,"19,461",243,837,765,"13,236"
2113,"12,505",174,522,527,"8,706"
2114,"15,169",170,718,490,"9,713"
2115,"5,846",72,347,236,"3,495"
2116,"3,564",37,229,126,"2,108"
2117,"11,858",113,691,470,"7,713"
2118,"14,516",135,728,673,"10,173"
2119,"7,489",67,223,295,"6,354"
2120,"12,854",113,464,566,"10,240"
2121,"17,938",178,771,713,"12,966"
2122,"19,253",180,982,834,"12,658"
2125,"11,007",101,350,433,"9,215"
2126,"11,988",115,426,521,"9,728"
2127,"8,701",153,346,162,"5,532"
2128,"1,360",20,110,27,598
2130,"4,679",101,270,104,"2,964"
2131,"14,653",208,853,485,"6,972"
2132,"6,209",98,348,282,"4,078"
2133,"6,303",84,400,234,"3,894"
2134,"9,298",90,472,238,"4,326"
2135,"17,028",200,614,416,"9,202"
2136,"4,559",64,267,193,"2,766"
2137,"16,667",252,531,582,"11,961"
2138,"11,558",198,351,241,"7,040"
2140,"9,488",105,478,135,"3,939"
2141,"16,374",184,"1,314",470,"6,455"
2142,"12,651",118,"1,110",341,"3,856"
2143,"4,592",40,462,190,"1,930"
2144,"18,685",142,"2,033",520,"3,936"
2145,"43,325",549,"2,480","1,579","22,022"
2146,"9,890",125,572,471,"5,218"
2147,"19,871",231,"1,265",957,"10,824"
2148,"34,358",384,"2,588","1,404","13,547"
2150,"19,415",290,"1,038",289,"6,983"
2151,"11,868",155,686,454,"7,404"
2152,"6,498",86,320,362,"4,311"
2153,"34,703",380,"1,266","1,641","26,316"
2154,"24,777",248,825,"1,263","19,684"
2155,"32,411",403,"1,126",815,"24,256"
2156,"8,694",87,227,422,"7,238"
2157,"2,344",23,68,83,"1,784"
2158,"5,653",52,187,250,"4,617"
2159,"3,243",36,110,170,"2,579"
2160,"17,577",228,"1,813",693,"6,508"
2161,"13,431",143,"1,500",546,"4,500"
2162,"8,287",96,894,427,"3,407"
2163,"3,549",35,526,165,935
2164,"9,514",125,874,459,"3,970"
2165,"16,704",201,"2,307",823,"5,117"
2166,"23,453",307,"3,559","1,037","6,885"
2167,"5,293",78,362,189,"2,320"
2168,"18,773",231,"2,112",702,"5,989"
2170,"49,825",632,"4,161","2,108","20,525"
2171,"19,626",331,"1,069",536,"9,744"
2172,"1,599",29,34,47,"1,127"
2173,"8,424",104,365,190,"4,846"
2174,"1,356",31,59,13,672
2175,"1,085",22,43,35,713
2176,"23,994",299,"2,091","1,081","11,422"
2177,"7,572",118,864,278,"2,806"
2178,"2,135",25,101,77,"1,289"
2179,"3,055",48,183,106,"1,618"
2190,"11,114",114,"1,093",505,"4,517"
2191,"3,197",51,193,143,"1,816"
2192,"6,734",74,583,265,"2,581"
2193,"9,039",142,496,356,"5,102"
2194,"13,119",123,"1,070",383,"4,258"
2195,"12,138",99,"1,380",342,"2,480"
2196,"15,030",159,"1,406",666,"5,953"
2197,"4,029",39,356,194,"1,778"
2198,"4,425",52,297,260,"2,454"
2199,"7,981",88,812,407,"3,170"
2200,"20,077",228,"2,155",855,"7,037"
2203,"8,392",163,598,281,"5,063"
2204,"15,645",336,"1,195",417,"8,523"
2205,"11,853",191,615,268,"5,466"
2206,"11,087",186,493,490,"6,963"
2207,"15,419",184,956,692,"8,965"
2208,"7,166",106,393,371,"4,320"
2209,"9,022",81,568,450,"5,182"
2210,"16,670",183,965,859,"10,172"
2211,"9,771",91,536,489,"5,879"
2212,"8,647",99,529,416,"4,899"
2213,"12,275",156,567,546,"8,012"
2214,"2,343",15,119,136,"1,572"
2216,"17,316",190,915,611,"7,707"
2217,"16,783",206,756,633,"8,883"
2218,"9,907",118,582,375,"4,973"
2219,"7,898",119,307,444,"5,418"
2220,"18,954",149,968,522,"9,434"
2221,"10,254",125,390,438,"7,473"
2222,"7,739",84,408,307,"4,336"
2223,"13,223",112,515,546,"9,422"
2224,"8,633",102,308,500,"6,420"
2225,"3,475",31,88,143,"2,854"
2226,"7,552",89,274,350,"5,787"
2227,"8,975",77,289,445,"7,050"
2228,"11,103",127,503,620,"7,723"
2229,"18,050",200,646,"1,007","13,904"
2230,"19,686",290,719,777,"14,648"
2231,"1,345",29,59,52,891
2232,"20,079",213,866,"1,095","14,668"
2233,"18,012",145,576,915,"13,865"
2234,"20,332",187,673,740,"16,013"
2250,"37,838",405,"2,884","2,547","23,014"
2251,"18,567",181,"1,138","1,384","12,449"
2256,"7,918",98,707,667,"4,301"
2257,"15,488",162,"1,406","1,322","8,538"
2258,"3,136",45,237,138,"2,033"
2259,"29,681",368,"2,514","1,942","15,339"
2260,"14,597",193,790,826,"10,506"
2261,"30,177",317,"2,707","2,071","14,882"
2262,"9,682",95,"1,137",724,"3,845"
2263,"10,941",132,"1,292",887,"4,740"
2264,"7,337",77,590,659,"4,406"
2265,"2,938",19,260,205,"1,873"
2267,"1,565",11,106,152,"1,036"
2278,"1,456",10,108,70,934
2280,"15,094",143,951,934,"10,550"
2281,"7,424",78,559,494,"4,630"
2282,"8,921",73,473,573,"6,720"
2283,"12,624",119,958,954,"8,067"
2284,"5,602",44,513,376,"3,413"
2285,"16,702",166,"1,239",837,"10,780"
2286,"2,086",27,169,129,"1,220"
2287,"19,541",180,"1,745","1,069","12,295"
2289,"11,330",110,762,614,"8,236"
2290,"18,987",174,"1,407","1,090","13,185"
2291,"8,878",91,573,354,"7,061"
2292,"1,451",18,189,56,905
2293,"1,661",19,165,71,"1,086"
2294,"1,143",16,155,51,686
2295,"3,431",51,251,249,"2,268"
2296,"1,107",22,157,42,625
2297,900,8,120,45,499
2298,"4,695",46,612,237,"2,744"
2299,"5,659",54,690,276,"3,418"
2300,"7,351",150,693,240,"5,194"
2302,393,8,45,18,231
2303,"5,216",59,505,242,"3,698"
2304,"8,005",93,"1,038",375,"4,505"
2305,"7,486",68,528,360,"5,613"
2306,887,4,207,82,245
2307,"1,840",17,256,113,906
2308,136,2,72,0,52
2311,499,1,27,33,387
2312,753,11,104,60,357
2315,"8,081",58,678,813,"5,056"
2316,"3,149",50,298,228,"1,859"
2317,"3,474",20,278,401,"2,237"
2318,"6,770",78,432,390,"4,281"
2319,"3,074",21,316,283,"1,569"
2320,"18,472",188,"1,564","1,013","12,347"
2321,"8,091",69,561,403,"5,464"
2322,"10,097",86,839,563,"6,102"
2323,"13,777",121,"1,143",801,"8,930"
2324,"11,768",113,"1,198","1,051","6,753"
2325,"12,663",132,"1,404",841,"7,128"
2326,"3,345",31,391,213,"1,758"
2327,"3,496",32,428,245,"1,718"
2328,"1,306",18,95,87,901
2329,"1,047",18,85,89,670
2330,"11,331",198,732,548,"8,215"
2333,"6,903",112,640,363,"4,396"
2334,"1,429",22,141,80,842
2335,"3,421",42,184,164,"2,496"
2336,"1,376",19,91,77,902
2337,"4,607",53,278,239,"3,001"
2338,675,0,55,71,404
2339,418,3,29,26,290
2340,"27,364",281,"2,630","2,004","15,848"
2341,642,6,96,55,326
2342,272,0,21,21,174
2343,"2,669",23,210,212,"1,686"
2344,445,4,40,28,312
2345,449,2,28,47,288
2346,"1,391",24,151,138,732
2347,853,14,113,100,503
2350,"13,853",157,"1,501",879,"8,575"
2351,72,2,21,2,36
2352,"1,454",12,129,120,864
2353,553,7,43,50,327
2354,"2,163",20,206,164,"1,489"
2355,315,4,40,25,196
2356,60,0,3,9,28
2357,"1,971",27,205,200,"1,229"
2358,"2,099",24,232,186,"1,246"
2359,373,6,55,34,222
2360,"7,268",67,794,719,"4,169"
2361,385,3,74,34,221
2365,"1,945",17,196,152,"1,197"
2369,332,2,60,26,128
2370,"3,708",28,519,392,"2,044"
2371,530,6,87,71,270
2372,"2,478",8,301,330,"1,668"
2379,209,4,37,6,159
2380,"5,608",90,469,378,"3,425"
2381,612,10,73,26,354
2382,678,14,76,59,405
2386,216,1,18,9,151
2387,135,0,16,2,94
2388,"1,389",9,161,111,829
2390,"4,801",55,411,325,"3,129"
2395,261,1,38,37,129
2396,397,4,49,34,244
2397,246,1,24,14,164
2398,138,1,9,6,102
2399,334,4,26,13,194
2400,"5,489",78,499,336,"3,198"
2401,169,1,16,16,106
2402,897,4,85,89,521
2403,359,4,70,35,233
2404,844,5,107,120,538
2405,290,4,15,9,207
2406,460,2,49,32,274
2408,232,5,12,6,163
2409,284,1,53,16,148
2410,107,2,12,6,75
2411,68,0,3,4,43
2415,186,0,17,7,116
2420,"2,080",23,159,159,"1,385"
2421,"1,076",10,54,63,833
2422,"2,704",14,268,298,"1,662"
2423,"1,427",11,157,130,813
2424,186,5,19,16,85
2425,953,11,59,52,639
2426,315,3,45,17,123
2427,"1,346",16,151,177,735
2428,"11,302",98,"1,317","1,337","6,407"
2429,"4,710",31,569,401,"2,316"
2430,"15,966",129,"1,838","1,486","8,270"
2431,"2,405",20,228,281,"1,276"
2439,"1,368",16,140,118,717
2440,"9,727",107,"1,291","1,006","4,222"
2441,"2,450",33,285,183,"1,227"
2443,"4,135",40,444,540,"2,074"
2444,"24,975",279,"2,496","2,439","14,134"
2445,"3,584",45,309,331,"2,053"
2446,"6,869",87,703,596,"3,643"
2447,"3,582",31,421,375,"1,865"
2448,"3,924",54,539,431,"1,902"
2449,960,7,165,129,405
2450,"24,020",293,"2,637","1,985","13,249"
2452,"7,737",82,939,681,"4,049"
2453,"1,517",17,165,152,927
2454,"4,041",44,524,305,"2,123"
2455,"1,545",13,164,158,856
2456,"8,569",96,948,605,"4,020"
2460,"13,800",148,"1,738","1,241","7,217"
2462,"1,039",13,138,93,525
2463,"3,659",35,438,325,"1,883"
2464,"3,528",29,374,385,"1,998"
2465,187,0,19,20,94
2466,682,2,82,94,328
2469,"1,727",15,245,173,788
2470,"7,163",44,853,680,"3,787"
2471,"1,173",10,131,99,602
2472,"1,053",13,140,82,557
2473,"1,455",14,171,153,888
2474,"3,097",22,383,277,"1,618"
2475,174,0,20,16,100
2476,350,6,43,34,213
2477,"6,874",74,617,610,"4,313"
2478,"16,612",186,"1,560","1,410","9,866"
2479,"3,201",22,293,158,"1,950"
2480,"23,925",221,"2,841","1,790","13,599"
2481,"8,676",113,950,368,"4,119"
2482,"3,817",35,607,267,"1,765"
2483,"6,180",83,911,440,"2,883"
2484,"9,859",80,"1,147",823,"5,077"
2485,"7,190",65,825,747,"3,551"
2486,"16,425",159,"1,580","1,535","8,872"
2487,"7,441",88,601,476,"4,717"
2488,"1,973",21,244,111,"1,077"
2489,"3,827",41,372,308,"2,240"
2490,415,8,40,24,247
2500,"21,121",330,"2,266","1,001","12,609"
2502,"4,960",52,697,351,"1,996"
2505,"2,407",32,261,138,"1,237"
2506,"3,554",33,399,200,"1,568"
2508,"5,509",80,193,221,"3,973"
2515,"6,889",144,372,342,"5,038"
2516,"3,584",70,189,135,"2,596"
2517,"7,364",83,448,392,"5,042"
2518,"10,137",96,885,585,"6,104"
2519,"9,099",109,775,524,"5,900"
2525,"6,541",58,388,380,"4,476"
2526,"8,839",83,582,386,"5,803"
2527,"11,620",123,834,589,"6,421"
2528,"10,990",123,"1,165",777,"5,053"
2529,"14,485",198,999,674,"8,744"
2530,"17,015",179,"1,277","1,029","9,309"
2533,"9,578",115,498,612,"6,634"
2534,"3,337",28,171,200,"2,295"
2535,"4,200",45,196,368,"2,850"
2536,"9,151",91,978,"1,029","4,539"
2537,"6,427",56,550,670,"3,343"
2538,"1,341",9,107,114,807
2539,"9,445",82,"1,039",941,"4,723"
2540,"21,813",235,"2,065","2,003","11,150"
2541,"12,879",127,"1,470","1,076","5,947"
2545,588,10,60,55,310
2546,"4,754",43,469,606,"2,755"
2548,"4,547",55,362,565,"2,753"
2549,"2,157",27,174,193,"1,213"
2550,"9,102",114,909,729,"4,994"
2551,"1,892",31,209,194,"1,016"
2555,140,3,10,12,47
2556,"1,426",25,62,44,787
2557,"4,737",58,211,134,"2,710"
2558,"6,370",71,469,236,"2,726"
2559,897,6,172,68,122
2560,"39,858",499,"3,413","2,329","17,103"
2563,172,3,15,7,82
2564,"6,561",64,744,325,"2,042"
2565,"11,131",146,769,476,"4,944"
2566,"14,438",157,"1,115",563,"5,628"
2567,"22,299",320,"1,016",761,"13,136"
2568,691,7,21,52,496
2569,835,24,34,29,549
2570,"23,394",374,939,997,"15,032"
2571,"7,030",140,266,300,"4,379"
2572,"2,379",37,142,111,"1,367"
2573,"2,635",30,199,164,"1,221"
2574,"3,210",56,175,176,"1,723"
2575,"8,979",86,490,612,"5,251"
2576,"8,347",67,323,808,"6,270"
2577,"8,785",88,477,654,"5,522"
2578,"1,512",11,82,184,"1,031"
2579,"2,246",21,138,143,"1,387"
2580,"15,580",264,"1,173","1,026","8,597"
2581,"1,239",18,54,73,848
2582,"7,492",138,274,402,"5,338"
2583,"2,510",28,166,200,"1,620"
2584,312,1,22,31,196
2585,146,2,9,6,110
2586,"1,388",15,97,127,921
2587,"1,466",7,118,135,908
2588,224,2,13,12,140
2590,"3,768",41,264,310,"2,237"
2594,"6,016",39,545,438,"3,600"
2618,877,15,25,43,707
2619,"6,055",144,127,157,"4,564"
2620,"24,035",601,"1,149","1,042","14,260"
2621,"3,859",88,106,156,"2,878"
2622,"2,160",32,129,164,"1,408"
2623,343,2,16,18,178
2624,55,0,3,2,25
2625,192,0,10,1,125
2626,296,2,14,23,194
2627,"2,806",7,165,113,"1,999"
2628,"1,036",7,69,80,720
2629,287,3,26,37,169
2630,"4,910",51,416,418,"3,126"
2631,338,6,23,18,210
2632,"1,079",28,88,74,511
2633,207,5,14,24,98
2640,"21,079",199,"1,808","1,310","14,371"
2641,"8,015",30,937,674,"4,539"
2642,"2,944",16,188,176,"2,144"
2643,"1,501",6,132,132,888
2644,"1,397",12,98,127,"1,017"
2645,228,4,14,18,151
2646,"3,889",23,284,290,"2,295"
2647,"1,207",12,102,115,591
2648,"1,213",20,153,113,685
2650,"32,602",283,"2,511","2,006","20,102"
2651,"1,108",13,85,55,478
2652,"2,823",22,188,179,"1,889"
2653,"1,354",20,92,124,886
2655,786,6,46,50,531
2656,710,10,54,54,529
2658,710,1,66,59,510
2659,524,3,28,43,410
2660,850,7,65,63,558
2661,133,5,0,1,39
2663,"2,223",11,155,169,"1,286"
2665,"1,203",6,91,90,845
2666,"3,035",24,209,222,"2,022"
2668,221,4,24,22,148
2669,952,8,57,73,691
2671,"2,196",21,143,175,"1,415"
2672,807,8,75,62,484
2675,993,7,69,58,577
2680,"14,428",114,"1,195",785,"8,256"
2681,957,3,67,52,638
2700,"2,550",23,228,220,"1,411"
2701,"1,294",12,89,84,859
2702,388,3,37,47,219
2703,406,3,56,38,214
2705,"5,684",53,512,385,"3,281"
2706,627,6,72,55,309
2707,882,9,50,51,676
2710,"5,849",50,502,535,"3,690"
2711,"1,923",18,166,131,"1,080"
2712,742,8,51,89,482
2713,"1,595",11,152,136,"1,078"
2714,"1,391",10,111,155,796
2715,795,3,44,45,428
2716,706,5,53,44,482
2717,590,8,66,70,322
2720,"4,346",59,315,316,"2,710"
2721,115,4,15,9,84
2722,"1,740",19,151,126,"1,029"
2725,168,1,16,15,101
2726,167,0,8,11,118
2727,218,0,13,11,162
2729,912,8,72,47,631
2730,812,8,62,61,411
2731,"3,460",44,268,302,"1,873"
2732,"1,034",8,78,103,642
2733,338,2,23,26,200
2734,118,1,9,8,77
2735,176,0,24,14,54
2736,200,0,12,20,97
2737,436,8,30,31,214
2738,889,10,44,43,626
2739,671,7,76,47,373
2745,"17,448",304,733,598,"10,855"
2747,"23,029",360,"1,750","1,104","10,374"
2748,"1,377",24,47,58,945
2749,"9,706",178,550,381,"5,122"
2750,"24,711",339,"1,735","1,508","13,246"
2752,"3,007",38,106,112,"1,753"
2753,"9,883",163,640,492,"5,353"
2754,"3,308",50,223,223,"1,880"
2756,"20,196",287,"1,115",899,"11,493"
2757,564,8,28,38,382
2758,"5,466",103,176,240,"3,679"
2759,"16,119",227,900,594,"7,800"
2760,"17,016",230,"1,641",915,"5,620"
2761,"17,265",212,"1,276",560,"6,626"
2762,"2,993",28,128,77,"1,861"
2763,"18,004",221,944,568,"10,195"
2765,"8,825",103,491,419,"5,286"
2766,"8,328",93,632,308,"2,983"
2767,"12,350",157,903,405,"5,214"
2768,"15,783",184,715,388,"10,174"
2769,"6,574",129,200,120,"4,484"
2770,"26,194",290,"3,389","1,459","6,167"
2773,"3,757",52,166,216,"2,846"
2774,"7,807",110,426,441,"5,362"
2775,798,10,42,53,452
2776,"2,482",48,126,153,"1,597"
2777,"10,537",155,576,681,"7,144"
2778,"1,480",36,104,83,927
2779,"2,780",47,230,193,"1,530"
2780,"7,328",110,712,630,"3,609"
2782,"3,402",70,215,331,"2,070"
2783,"1,527",19,135,104,768
2784,719,8,52,63,409
2785,"2,639",36,197,236,"1,617"
2786,650,12,68,52,360
2787,"2,382",40,160,190,"1,328"
2790,"7,299",105,679,556,"4,635"
2791,175,3,12,13,108
2792,190,0,11,14,117
2793,454,9,55,39,266
2794,"5,475",50,558,554,"3,010"
2795,"22,232",384,"1,902","1,414","13,132"
2797,234,1,18,19,140
2798,"1,203",19,48,70,900
2799,"2,123",32,194,139,"1,201"
2800,"24,534",317,"1,934","1,554","14,837"
2803,152,1,13,9,103
2804,"1,333",11,113,106,833
2805,210,3,12,15,122
2806,464,10,34,49,298
2807,176,0,28,12,78
2808,56,0,7,6,29
2809,116,2,22,8,72
2810,"1,636",14,127,171,"1,098"
2818,359,5,26,22,242
2820,"3,067",43,392,313,"1,483"
2821,"2,521",25,224,225,"1,592"
2823,777,1,76,61,472
2824,"1,221",8,104,70,843
2825,"1,341",23,120,81,781
2826,94,1,11,3,77
2827,"1,853",21,169,163,"1,049"
2828,372,4,38,28,226
2829,"1,455",16,153,79,862
2830,"22,813",284,"1,767","1,505","13,606"
2831,"1,490",11,133,111,979
2832,"1,228",6,215,100,612
2833,238,4,49,20,148
2834,842,11,169,102,382
2835,"2,209",66,128,99,"1,502"
2836,303,2,50,18,127
2839,459,9,72,31,236
2840,"1,313",31,136,90,748
2842,291,3,40,31,167
2843,692,2,67,50,408
2844,628,5,50,55,431
2845,"1,019",12,106,67,628
2846,130,1,23,13,78
2847,"1,070",27,131,85,636
2848,528,3,97,52,243
2849,782,7,58,85,510
2850,"9,362",148,802,632,"5,932"
2852,"1,652",35,148,131,996
2864,465,5,29,37,297
2865,475,4,31,34,283
2866,"1,629",22,96,116,"1,022"
2867,322,3,21,29,206
2868,321,2,25,16,208
2869,698,4,94,65,362
2870,"6,243",80,572,410,"3,710"
2871,"4,782",62,422,351,"2,797"
2873,375,3,28,18,265
2874,248,0,28,13,167
2875,484,2,57,45,289
2876,251,3,28,19,172
2877,"1,978",14,186,144,"1,004"
2878,180,6,8,5,122
2879,215,3,31,20,84
2880,"8,794",162,979,595,"4,926"
2898,297,2,14,22,161
2899,224,3,2,5,78
NSW other,"9,445",152,434,496,"5,141"
800,"5,464",200,186,49,"2,098"
801,851,28,20,21,616
804,197,6,7,5,144
810,"21,128",605,"1,235",662,"11,789"
811,418,4,12,26,313
812,"11,509",296,687,443,"6,793"
813,139,6,4,8,101
814,225,6,10,9,164
820,"13,252",445,578,247,"7,844"
821,616,19,19,21,409
822,"5,636",111,"1,531",236,"1,539"
828,733,21,53,19,400
829,248,5,10,3,56
830,"11,179",354,752,356,"6,005"
831,"1,118",36,43,31,768
832,"8,969",330,400,230,"5,271"
834,410,17,18,7,288
835,"3,312",102,135,114,"2,232"
836,"4,791",154,224,156,"2,953"
837,620,20,39,35,331
838,471,26,42,11,281
839,770,26,36,39,444
840,152,4,15,13,79
841,319,18,23,15,161
845,389,8,37,24,179
846,217,9,28,17,98
847,151,2,26,13,56
850,"3,814",93,369,139,"1,700"
851,"1,155",37,66,31,625
852,"1,763",41,529,87,375
853,453,4,3,1,149
854,433,2,128,23,91
860,940,51,98,39,315
861,601,27,112,25,166
862,243,5,53,13,62
870,"13,836",457,"1,056",433,"6,416"
871,"1,898",76,102,83,928
872,"3,677",79,"1,198",157,689
880,786,31,116,18,343
881,"1,778",67,156,31,917
885,587,42,34,6,396
886,798,17,74,14,408
NT other,639,19,76,30,311
Overseas or unknown,"148,643","1,950",874,560,"22,588"
4000,"12,657",216,601,154,"5,510"
4005,"12,214",320,741,253,"8,617"
4006,"10,822",199,948,124,"5,948"
4007,"8,763",150,455,230,"6,368"
4008,239,6,21,10,116
4009,97,0,2,3,54
4010,"1,974",29,152,53,"1,228"
4011,"10,136",124,534,330,"7,395"
4012,"14,208",224,878,451,"9,342"
4013,"3,081",31,208,101,"1,878"
4014,"7,446",98,468,329,"4,546"
4017,"21,539",279,"1,423","1,041","12,598"
4018,"7,069",92,487,367,"3,680"
4019,"10,872",166,"1,174",750,"5,172"
4020,"12,541",173,988,"1,012","6,897"
4021,"4,761",61,547,355,"1,915"
4022,"3,338",39,320,280,"1,382"
4025,118,1,11,6,64
4030,"10,472",149,770,248,"6,715"
4031,"8,303",148,546,271,"5,665"
4032,"9,536",128,691,562,"5,464"
4034,"26,882",332,"1,739","1,601","16,042"
4035,"15,592",148,601,708,"11,900"
4036,"3,847",48,307,192,"1,958"
4037,"4,972",58,158,153,"3,705"
4051,"17,506",222,"1,155",537,"12,121"
4053,"27,074",345,"1,720","1,337","18,094"
4054,"8,315",89,554,502,"5,204"
4055,"12,694",123,582,544,"9,135"
4059,"7,416",110,760,147,"4,791"
4060,"8,317",99,432,217,"6,585"
4061,"10,419",111,473,476,"8,269"
4064,"7,657",135,568,120,"5,583"
4065,"6,034",73,295,187,"4,953"
4066,"10,930",165,951,266,"7,571"
4067,"5,035",51,470,111,"3,441"
4068,"14,872",167,"1,174",447,"10,755"
4069,"21,777",252,859,894,"18,095"
4070,"7,038",89,330,306,"5,266"
4073,"5,571",57,215,230,"4,333"
4074,"15,412",164,806,780,"10,951"
4075,"14,285",172,870,585,"10,247"
4076,"2,695",24,315,110,"1,057"
4077,"13,578",116,"2,071",746,"4,046"
4078,"14,254",141,"1,056",629,"7,189"
4101,"14,929",322,"1,255",308,"8,806"
4102,"4,666",71,547,87,"2,420"
4103,"9,093",141,"1,052",247,"5,262"
4104,"4,139",62,329,173,"2,899"
4105,"8,303",119,688,294,"5,193"
4106,987,16,136,26,366
4107,"3,865",60,343,160,"2,095"
4108,"3,430",42,306,122,"1,458"
4109,"23,059",149,"1,631",976,"11,574"
4110,"5,686",55,642,261,"2,184"
4111,636,5,69,29,361
4112,"4,492",59,294,142,"2,560"
4113,"18,663",169,"1,149",664,"9,362"
4114,"11,938",82,"2,196",680,"2,078"
4115,"11,572",111,694,471,"6,538"
4116,"15,081",167,915,461,"8,366"
4117,765,11,51,36,302
4118,"17,362",189,"1,490",750,"6,712"
4119,"3,725",43,265,130,"2,038"
4120,"6,060",89,566,159,"3,604"
4121,"15,469",229,914,592,"11,090"
4122,"25,786",315,"1,931","1,313","16,115"
4123,"11,171",153,656,524,"6,583"
4124,"10,559",177,761,471,"4,842"
4125,"4,048",51,303,233,"1,945"
4127,"14,790",168,"1,295",797,"7,015"
4128,"10,107",163,628,456,"5,550"
4129,"3,844",54,300,173,"1,625"
4130,"5,405",89,259,275,"3,391"
4131,"5,164",47,693,273,"1,547"
4132,"12,240",124,"1,644",630,"2,598"
4133,"9,121",121,866,573,"3,120"
4151,"11,305",130,782,375,"7,693"
4152,"28,772",366,"1,563","1,164","20,944"
4153,"2,823",26,125,95,"2,069"
4154,"6,428",118,221,191,"4,972"
4155,"1,013",12,34,28,759
4156,"2,108",33,95,71,"1,619"
4157,"11,762",128,777,577,"6,768"
4158,"2,220",36,164,127,"1,204"
4159,"8,638",125,461,491,"5,459"
4160,"11,453",148,540,660,"7,840"
4161,"9,668",108,757,505,"5,113"
4163,"9,217",144,531,656,"5,849"
4164,"8,823",116,388,417,"5,762"
4165,"21,622",269,"1,186","1,291","12,765"
4169,"9,670",213,681,207,"5,795"
4170,"16,111",275,"1,027",445,"10,730"
4171,"10,434",199,460,243,"8,090"
4172,"2,735",38,182,61,"1,668"
4173,"5,124",66,331,244,"3,006"
4174,"1,528",22,127,58,796
4178,"14,639",220,"1,041",805,"8,582"
4179,"11,354",178,728,604,"7,471"
4183,"1,209",20,108,95,597
4184,"2,520",31,412,407,950
4205,"2,322",20,257,212,806
4207,"28,625",346,"2,856","1,814","10,935"
4208,"11,197",187,717,468,"5,387"
4209,"27,124",361,"2,509","1,259","11,142"
4210,"11,666",184,796,496,"5,664"
4211,"35,363",446,"3,178","2,120","16,380"
4212,"17,102",287,"1,035",903,"10,364"
4213,"17,245",213,"1,302",929,"9,595"
4214,"22,092",270,"2,002","1,349","11,148"
4215,"27,070",342,"3,456","1,773","11,069"
4216,"21,733",309,"1,734","1,687","11,855"
4217,"26,441",371,"1,861","1,370","13,421"
4218,"21,237",287,"1,709","1,131","11,836"
4219,222,1,16,15,119
4220,"19,683",271,"1,719","1,124","11,129"
4221,"15,950",207,"1,465","1,074","8,774"
4223,"8,637",117,696,572,"4,849"
4224,"3,990",61,381,221,"2,077"
4225,"4,732",81,542,336,"2,351"
4226,"20,251",258,"1,558","1,341","11,115"
4227,"12,172",183,"1,182",618,"6,264"
4228,"3,340",44,219,177,"2,000"
4230,209,1,9,18,129
4270,"2,339",36,157,107,"1,154"
4271,897,4,74,68,497
4272,"3,364",43,220,306,"1,951"
4275,"1,943",29,129,90,935
4280,"9,357",143,661,439,"4,047"
4285,"10,295",153,967,650,"4,491"
4287,359,5,33,23,155
4300,"30,728",380,"2,562","1,216","13,787"
4301,"13,975",118,"1,806",747,"4,029"
4303,"1,512",16,291,118,346
4304,"8,308",59,"1,033",571,"3,238"
4305,"31,511",288,"3,384","1,929","14,812"
4306,"20,032",248,"1,281",966,"11,888"
4307,897,9,52,52,498
4309,"1,588",18,110,111,766
4310,"3,216",15,214,252,"1,586"
4311,"4,718",44,544,361,"1,785"
4312,"1,183",17,112,100,498
4313,983,5,97,92,430
4340,"2,720",30,258,189,"1,294"
4341,"7,004",63,784,528,"2,766"
4342,"1,282",7,164,100,551
4343,"6,652",27,509,360,"2,643"
4344,"1,386",8,121,103,762
4346,488,6,32,24,249
4347,647,1,56,32,291
4350,"58,492",498,"5,221","3,884","35,349"
4352,"16,726",159,917,908,"11,639"
4353,261,0,16,26,160
4354,595,3,50,41,340
4355,"1,279",8,121,135,686
4356,"2,873",24,183,203,"1,796"
4357,"1,493",8,123,95,796
4358,"1,239",8,73,74,784
4359,728,1,67,52,460
4360,432,5,40,39,273
4361,"1,394",6,125,140,838
4362,"1,330",5,112,122,721
4363,430,4,30,20,298
4364,215,5,6,10,158
4365,201,0,29,20,79
4370,"9,572",48,"1,012",841,"4,786"
4371,428,1,27,33,261
4372,87,0,7,6,58
4373,573,4,48,75,287
4374,230,2,24,24,134
4375,144,0,20,16,56
4376,194,2,19,6,52
4377,361,3,36,37,151
4378,199,3,31,14,87
4380,"4,615",27,439,394,"2,082"
4381,306,5,35,31,121
4382,338,1,29,33,192
4383,294,0,56,19,85
4385,623,2,59,62,357
4387,697,7,64,56,333
4388,207,1,34,19,113
4390,"4,371",22,354,267,"2,934"
4400,"1,054",12,83,58,539
4401,"3,024",24,246,208,"1,543"
4402,149,4,16,8,58
4403,443,5,31,21,296
4404,324,0,21,14,241
4405,"7,925",61,680,451,"4,759"
4406,581,1,66,41,386
4407,339,3,30,24,206
4408,405,3,33,27,276
4410,714,7,64,69,432
4411,176,2,11,12,119
4412,144,1,15,2,101
4413,"4,117",68,320,230,"2,334"
4415,"1,029",11,102,54,572
4416,298,1,21,11,214
4417,341,5,21,23,205
4418,72,0,4,4,48
4419,511,10,33,20,355
4420,803,8,46,47,528
4421,975,7,153,64,448
4422,284,6,30,13,184
4423,131,1,21,3,97
4424,120,0,12,11,81
4425,147,3,17,21,105
4426,68,1,9,10,51
4427,167,1,23,4,89
4428,405,4,35,18,265
4454,481,4,26,19,321
4455,"5,045",107,341,200,"3,039"
4465,794,8,107,46,408
4467,100,0,14,7,59
4468,211,0,20,16,125
4470,"1,948",25,191,113,877
4472,780,9,65,44,407
4477,315,4,49,16,146
4478,274,2,12,19,162
4480,490,3,38,18,292
4481,75,1,4,2,42
4482,67,1,4,1,32
4486,405,6,31,17,236
4487,"1,882",14,170,103,"1,010"
4488,142,0,12,10,88
4490,689,7,90,48,349
4491,53,0,3,5,31
4492,144,0,3,3,65
4494,82,0,9,1,60
4496,188,2,27,8,120
4497,199,1,14,6,152
4498,126,0,9,0,88
4500,"24,869",247,"1,738","1,129","13,866"
4501,"3,032",33,326,176,"1,376"
4502,"5,113",58,365,246,"2,788"
4503,"24,309",328,"2,101","1,341","11,310"
4504,"10,493",155,718,501,"5,313"
4505,"11,307",186,816,633,"5,265"
4506,"11,895",129,"1,364",676,"4,268"
4507,"8,575",96,745,"1,216","4,306"
4508,"9,052",99,"1,212",622,"2,983"
4509,"16,775",237,"1,051",765,"9,205"
4510,"23,451",271,"3,134","1,715","7,625"
4511,"4,338",57,406,414,"1,843"
4512,"2,136",34,126,103,999
4514,"3,473",50,258,201,"1,462"
4515,"2,234",22,163,115,777
4516,"2,398",39,153,105,"1,040"
4517,417,17,32,40,176
4518,"2,928",45,258,176,"1,374"
4519,"4,581",57,496,330,"1,952"
4520,"8,295",107,299,303,"6,380"
4521,"2,807",45,124,123,"1,812"
4550,"2,363",29,271,140,983
4551,"31,590",391,"2,860","2,588","17,236"
4552,"5,121",47,484,568,"2,812"
4553,"3,512",61,287,182,"1,886"
4554,"1,169",12,113,61,629
4555,"4,095",55,315,289,"2,201"
4556,"25,614",319,"2,169","1,830","15,715"
4557,"11,948",146,"1,178",648,"6,495"
4558,"11,748",104,"1,281",884,"5,843"
4559,"3,658",49,299,212,"2,084"
4560,"17,486",182,"1,804","1,356","8,386"
4561,"4,422",64,381,271,"2,318"
4562,"4,989",46,428,287,"2,786"
4563,"4,961",72,439,393,"2,606"
4564,"6,706",102,628,488,"3,518"
4565,"8,042",85,846,721,"3,863"
4566,"5,310",73,371,437,"3,346"
4567,"7,765",111,575,470,"4,574"
4568,"2,074",19,212,156,999
4569,890,8,117,56,378
4570,"20,499",206,"2,691","1,609","8,766"
4571,402,3,46,35,185
4572,"2,617",58,222,130,"1,526"
4573,"15,645",241,"1,365",985,"8,952"
4574,704,9,61,52,302
4575,"14,813",251,"1,144","1,006","8,641"
4580,"1,787",14,268,277,737
4581,707,4,80,57,316
4600,375,4,45,24,157
4601,587,2,82,54,284
4605,"1,812",13,207,204,665
4606,"1,171",9,131,152,448
4608,448,4,51,53,203
4610,"7,251",86,732,583,"3,686"
4611,63,0,11,11,29
4612,143,2,14,22,70
4613,341,3,44,51,147
4614,485,10,57,60,172
4615,"2,911",51,372,287,"1,129"
4620,212,0,27,16,115
4621,803,8,101,97,391
4625,"1,677",5,161,101,716
4626,"1,328",8,100,90,563
4627,352,4,35,22,200
4630,"1,323",13,132,132,705
4650,"14,773",144,"1,867","1,232","6,186"
4655,"27,349",404,"3,557","2,834","11,969"
4659,"1,857",22,269,236,796
4660,"3,486",39,494,371,"1,595"
4662,290,6,50,34,79
4670,"39,756",364,"4,821","3,070","20,652"
4671,"2,709",18,443,269,"1,235"
4673,352,2,59,24,149
4674,604,11,115,47,274
4676,107,1,14,14,42
4677,"1,922",41,233,103,954
4678,491,6,28,39,330
4680,"30,031","1,011","2,548","1,209","20,435"
4694,143,2,12,2,84
4695,551,17,68,24,345
4697,92,1,6,5,62
4699,213,3,17,16,128
4700,"8,908",115,911,491,"5,312"
4701,"22,850",273,"2,103","1,172","13,084"
4702,"14,826",205,"1,248",777,"9,079"
4703,"12,452",251,995,720,"7,709"
4704,100,3,9,5,49
4705,241,4,6,3,176
4707,122,3,9,14,75
4709,500,22,10,4,415
4710,"2,344",42,276,178,"1,184"
4711,"1,051",20,30,33,779
4712,231,3,15,12,140
4713,213,6,93,21,16
4714,"1,005",20,160,84,298
4715,"4,187",85,220,169,"2,649"
4716,520,8,32,29,367
4717,"2,423",99,168,40,"1,660"
4718,"1,249",30,73,40,899
4719,630,8,38,28,415
4720,"8,441",151,516,246,"5,542"
4721,"2,048",27,78,61,"1,504"
4722,"1,094",12,42,29,781
4723,863,12,38,29,584
4724,395,3,20,17,298
4725,883,8,68,57,437
4726,229,1,19,10,118
4727,176,1,18,8,91
4728,124,2,8,3,81
4730,"1,984",23,156,99,"1,175"
4731,101,0,9,6,59
4732,82,0,16,5,51
4735,696,8,58,31,383
4736,66,2,4,2,38
4737,"4,535",114,390,259,"2,640"
4738,643,10,48,25,416
4739,192,4,15,18,105
4740,"47,042","1,002","3,935","2,101","28,948"
4741,"3,817",65,239,171,"2,600"
4742,556,11,27,17,363
4743,299,12,9,3,217
4744,"4,589",192,184,86,"3,416"
4745,"1,296",47,72,38,903
4746,947,38,42,13,752
4750,"2,918",85,215,137,"1,820"
4751,"2,754",43,179,119,"1,936"
4753,"2,372",37,148,69,"1,649"
4754,"1,235",28,76,57,760
4756,364,5,31,29,222
4757,163,6,17,16,93
4798,460,3,26,31,330
4799,526,5,61,36,261
4800,"5,022",80,420,306,"2,700"
4801,182,0,7,0,30
4802,"6,811",124,666,355,"2,839"
4803,955,5,32,4,284
4804,878,17,86,40,562
4805,"6,165",96,674,350,"2,566"
4806,"2,126",7,175,145,"1,518"
4807,"6,697",54,526,361,"4,319"
4808,645,0,49,33,432
4809,539,4,52,38,343
4810,"13,681",313,"1,304",582,"7,842"
4811,"7,189",110,578,309,"3,977"
4812,"10,457",151,"1,112",615,"5,422"
4813,622,1,15,0,47
4814,"24,535",372,"2,377","1,262","13,488"
4815,"10,499",147,"1,294",746,"4,621"
4816,"4,402",72,532,326,"2,239"
4817,"17,349",275,"1,481",885,"9,792"
4818,"16,226",268,"1,391",710,"7,990"
4819,"1,283",14,117,127,618
4820,"4,985",74,515,305,"2,949"
4821,842,12,81,42,529
4822,508,12,31,16,301
4823,517,10,28,9,338
4824,"1,523",78,109,37,771
4825,"11,179",550,817,311,"6,164"
4828,90,8,10,4,32
4829,274,3,14,8,132
4830,529,9,162,22,84
4849,791,6,79,64,312
4850,"5,972",39,536,459,"4,049"
4852,"2,121",28,201,141,927
4854,"3,581",29,232,172,"1,366"
4855,419,4,46,20,177
4856,394,0,36,33,209
4858,846,7,69,40,501
4859,332,3,38,15,158
4860,"6,252",63,693,410,"2,845"
4861,768,7,106,66,352
4865,"4,362",55,362,225,"2,242"
4868,"11,608",159,"1,189",645,"5,440"
4869,"9,826",127,956,574,"4,073"
4870,"43,593",720,"4,034","2,238","20,108"
4871,"5,754",81,825,410,"2,343"
4872,"2,329",30,243,163,"1,172"
4873,"3,750",55,392,246,"1,530"
4874,"2,727",123,203,55,"1,640"
4875,"2,755",108,521,163,469
4876,894,22,200,68,100
4877,"3,558",45,210,163,"1,362"
4878,"7,887",145,772,425,"3,558"
4879,"11,977",208,912,675,"6,083"
4880,"7,249",90,700,451,"3,284"
4881,"2,425",56,292,179,971
4882,"1,831",16,150,120,973
4883,"4,603",47,483,422,"2,139"
4884,"1,132",13,89,119,658
4885,"2,274",29,212,204,"1,011"
4886,445,6,53,42,200
4887,910,17,126,88,313
4888,"1,205",19,210,106,383
4890,643,25,116,34,214
4891,331,6,25,16,145
4895,"2,012",51,354,153,477
QLD other,"4,840",89,642,258,"2,187"
5000,"7,746",137,648,218,"4,554"
5006,"4,190",78,246,174,"3,143"
5007,"3,972",74,427,150,"2,471"
5008,"6,964",79,817,251,"3,783"
5009,"2,896",31,263,137,"1,700"
5010,"2,595",17,309,123,"1,011"
5011,"6,736",57,602,269,"4,243"
5012,"4,978",55,739,228,"1,735"
5013,"4,824",40,639,241,"2,065"
5014,"6,323",51,616,303,"3,796"
5015,"3,458",59,356,168,"2,032"
5016,"5,091",49,384,273,"3,394"
5017,"2,325",29,336,140,"1,163"
5018,"3,568",39,203,205,"2,515"
5019,"5,073",71,451,294,"3,358"
5020,"1,940",12,81,162,"1,459"
5021,"3,899",27,187,328,"3,015"
5022,"9,795",131,511,590,"7,582"
5023,"8,724",82,849,551,"5,219"
5024,"8,617",70,493,649,"6,516"
5025,"4,815",40,305,291,"3,453"
5031,"5,602",72,562,181,"3,510"
5032,"7,562",59,577,419,"5,066"
5033,"4,563",43,478,204,"2,603"
5034,"6,414",65,412,303,"5,019"
5035,"3,684",31,294,188,"2,539"
5037,"5,959",40,477,324,"3,753"
5038,"9,130",94,794,434,"5,488"
5039,"4,959",37,460,248,"3,314"
5040,"1,438",10,94,125,"1,104"
5041,"8,134",79,467,498,"6,384"
5042,"5,698",53,571,422,"3,480"
5043,"9,595",85,"1,036",719,"5,829"
5044,"6,770",74,458,526,"5,246"
5045,"10,311",150,740,601,"7,519"
5046,"5,097",49,464,404,"3,455"
5047,"4,350",41,467,334,"2,664"
5048,"8,696",104,596,777,"6,523"
5049,"6,266",81,399,422,"4,626"
5050,"3,423",55,212,298,"2,504"
5051,"9,129",127,437,596,"7,071"
5052,"4,121",58,225,332,"3,289"
5061,"6,581",78,310,271,"5,475"
5062,"9,708",77,533,544,"8,102"
5063,"7,566",82,528,380,"6,036"
5064,"6,377",55,253,433,"5,355"
5065,"6,600",62,301,411,"5,344"
5066,"8,041",80,328,416,"6,910"
5067,"6,498",87,436,290,"5,011"
5068,"7,508",71,456,473,"5,921"
5069,"5,420",51,336,235,"4,292"
5070,"8,285",75,561,536,"5,761"
5072,"7,502",68,485,443,"5,821"
5073,"8,765",53,588,580,"6,391"
5074,"6,903",50,545,479,"4,613"
5075,"6,132",44,390,450,"4,322"
5076,"5,919",38,351,358,"4,583"
5081,"5,914",69,312,289,"4,769"
5082,"8,986",97,635,324,"6,371"
5083,"4,362",31,329,193,"2,986"
5084,"4,500",31,634,189,"1,761"
5085,"10,290",121,911,505,"5,850"
5086,"8,585",65,794,443,"5,072"
5087,"6,254",60,549,341,"3,850"
5088,"1,770",18,184,99,959
5089,"4,210",34,219,239,"3,156"
5090,"4,087",15,290,435,"2,705"
5091,"4,572",40,277,368,"3,148"
5092,"9,822",76,754,643,"6,125"
5093,"4,740",48,427,358,"2,681"
5094,463,2,72,33,199
5095,"11,451",109,999,421,"6,241"
5096,"7,485",69,747,415,"4,167"
5097,"7,927",43,595,549,"5,404"
5098,"6,136",34,603,497,"3,353"
5106,99,1,11,6,55
5107,"8,160",55,980,404,"3,286"
5108,"18,681",147,"2,726","1,083","7,384"
5109,"10,557",74,"1,184",691,"5,574"
5110,"4,197",45,480,198,"1,781"
5111,286,2,9,0,52
5112,"7,536",35,"1,294",571,"3,148"
5113,"6,137",28,"1,547",526,"1,702"
5114,"17,167",133,"2,051",979,"7,986"
5115,"4,904",35,702,281,"1,909"
5116,"4,600",32,469,326,"2,374"
5117,"1,780",22,88,57,"1,177"
5118,"10,523",136,776,592,"6,207"
5120,"1,278",11,84,43,699
5121,757,3,70,44,395
5125,"11,455",89,675,568,"8,465"
5126,"4,365",49,277,284,"2,944"
5127,"4,884",43,298,256,"3,606"
5131,640,7,33,31,467
5132,272,4,5,8,222
5133,311,1,12,23,225
5134,231,1,10,17,176
5136,311,3,23,17,246
5137,349,2,16,14,284
5138,170,3,8,6,118
5139,151,7,9,4,114
5140,259,1,4,11,206
5141,436,9,17,17,358
5142,461,9,19,37,381
5144,260,2,17,7,202
5151,273,7,17,2,205
5152,"4,133",64,192,254,"3,419"
5153,"3,998",51,236,185,"2,845"
5154,"2,287",27,97,146,"1,873"
5155,"2,406",25,150,123,"1,759"
5156,629,11,43,36,457
5157,"1,930",19,96,120,"1,434"
5158,"15,402",127,"1,079",765,"10,406"
5159,"20,419",189,"1,310","1,294","14,292"
5160,138,6,6,3,84
5161,"5,566",31,538,429,"3,179"
5162,"18,322",137,"1,994","1,311","10,005"
5163,"6,810",33,941,493,"3,284"
5164,"1,903",10,368,172,739
5165,"2,617",33,390,232,"1,269"
5166,900,10,130,78,379
5167,"3,270",32,318,216,"1,771"
5168,"2,777",30,318,180,"1,426"
5169,"9,242",71,958,591,"4,970"
5170,661,6,62,38,357
5171,"3,698",29,207,302,"2,509"
5172,"2,527",42,154,159,"1,620"
5173,"6,481",73,821,473,"3,261"
5174,"1,520",19,172,74,783
5201,"1,243",15,88,60,812
5202,492,7,44,18,282
5203,677,0,55,53,394
5204,"1,413",5,115,175,859
5210,"1,083",12,69,68,637
5211,"7,602",72,716,"1,111","4,355"
5212,"1,137",17,126,181,662
5213,692,2,54,68,418
5214,"3,986",47,414,614,"2,248"
5220,248,8,26,11,91
5221,169,0,10,30,74
5222,401,0,28,48,186
5223,"2,056",25,177,162,756
5231,715,10,27,24,490
5232,281,4,14,22,200
5233,892,5,33,38,627
5234,870,6,33,43,550
5235,"1,329",16,95,89,761
5236,140,3,16,4,67
5237,188,0,19,12,98
5238,"2,019",18,216,205,995
5240,334,5,15,26,229
5241,"1,473",6,96,90,866
5242,"1,016",7,48,54,750
5243,577,3,24,36,466
5244,"2,464",21,137,144,"1,659"
5245,"1,945",31,72,173,"1,506"
5250,"2,175",28,118,108,"1,580"
5251,"8,284",76,754,593,"5,169"
5252,"3,748",47,294,183,"2,219"
5253,"9,833",87,"1,045",750,"3,578"
5254,"1,208",18,124,73,560
5255,"5,144",47,372,407,"3,068"
5256,593,6,52,80,298
5259,444,4,55,40,215
5260,845,13,120,92,358
5261,230,5,17,7,155
5262,329,3,15,21,209
5263,171,3,5,8,130
5264,729,5,47,55,404
5265,209,5,11,12,129
5266,420,5,30,27,296
5267,"1,228",11,77,41,812
5268,"2,359",32,162,167,"1,109"
5269,110,0,4,1,53
5270,406,9,11,23,246
5271,"4,861",44,353,323,"2,526"
5272,540,8,21,26,346
5273,94,2,9,1,68
5275,"1,364",24,85,91,764
5276,854,6,54,65,517
5277,"1,622",23,156,100,837
5278,324,5,37,20,191
5279,217,2,30,10,86
5280,"4,047",69,370,223,"2,166"
5290,"14,892",188,"1,441",983,"7,628"
5291,"4,015",69,238,180,"2,365"
5301,325,6,25,29,187
5302,523,11,37,44,344
5303,125,0,8,6,52
5304,548,6,40,37,285
5306,58,0,2,5,37
5307,337,9,42,37,163
5308,54,0,3,2,26
5311,124,0,12,8,62
5320,247,3,33,13,116
5321,166,0,23,21,61
5322,377,6,23,35,166
5330,"1,930",12,184,126,950
5331,174,1,15,15,97
5332,224,3,26,18,99
5333,"3,366",39,295,244,"1,747"
5340,852,2,58,49,373
5341,"4,349",36,531,265,"1,862"
5342,548,0,56,44,259
5343,"2,830",32,353,257,"1,270"
5344,373,0,49,31,160
5345,"1,906",11,232,162,900
5346,176,2,21,15,67
5350,229,0,11,8,139
5351,"3,452",24,193,207,"2,148"
5352,"3,200",28,159,199,"2,179"
5353,"2,227",27,143,139,"1,375"
5354,175,1,17,9,84
5355,"4,313",33,290,336,"2,740"
5356,472,5,48,26,255
5357,199,1,22,16,76
5360,758,9,42,20,495
5371,854,5,64,31,472
5372,"1,214",18,98,48,657
5373,"1,810",24,167,129,"1,064"
5374,776,9,80,49,414
5381,197,0,13,19,128
5400,442,2,28,11,253
5401,423,6,49,30,199
5410,139,0,15,8,64
5411,181,2,20,8,98
5412,612,7,59,53,380
5413,486,3,47,29,293
5414,102,2,5,12,60
5415,142,0,4,11,103
5416,131,0,14,5,66
5417,773,9,75,50,404
5418,59,1,3,4,39
5419,128,1,3,12,76
5422,654,11,133,71,262
5431,527,8,56,36,334
5432,100,2,1,3,74
5433,693,12,77,59,365
5434,228,6,22,18,130
5440,149,2,8,3,106
5451,409,1,22,30,273
5452,283,2,12,22,184
5453,"3,046",27,197,223,"1,995"
5454,217,0,27,15,148
5460,375,10,35,29,199
5461,"1,346",16,109,100,843
5462,318,3,30,16,202
5464,270,1,20,14,201
5470,67,1,6,4,42
5471,69,2,7,0,53
5472,69,0,13,6,45
5473,353,3,50,39,156
5480,491,8,41,50,274
5481,321,3,24,30,170
5482,321,2,22,21,199
5483,207,4,11,12,141
5485,318,10,20,23,179
5490,86,0,2,2,60
5491,"1,078",16,64,55,710
5495,237,1,29,28,106
5501,"3,930",35,298,174,"2,020"
5502,842,8,51,49,489
5510,64,0,6,4,42
5520,268,0,24,31,146
5521,86,1,10,8,55
5522,622,4,43,73,384
5523,968,7,65,72,563
5540,"6,890",88,938,469,"3,011"
5550,491,2,49,25,194
5552,139,0,13,3,100
5554,"2,791",32,287,200,"1,584"
5555,352,1,21,18,256
5556,"1,795",16,249,190,931
5558,"2,227",13,242,258,"1,327"
5560,243,2,30,13,168
5570,192,0,21,20,109
5571,911,7,68,93,659
5572,86,3,6,2,67
5573,"1,067",10,92,102,731
5575,"1,212",11,115,103,767
5576,597,6,58,52,370
5577,310,3,27,17,210
5580,215,1,12,18,160
5581,282,2,26,34,199
5582,335,0,26,39,237
5583,365,4,45,43,198
5600,"3,537",104,249,161,"2,331"
5602,709,10,45,58,452
5603,262,1,20,18,152
5604,110,1,7,12,73
5605,"1,026",8,71,93,663
5606,"8,492",146,869,545,"4,226"
5607,"1,928",29,158,99,"1,010"
5608,"5,503",146,867,365,"2,550"
5609,897,34,69,33,573
5630,74,1,9,2,40
5631,799,15,45,28,528
5632,145,4,3,0,102
5633,200,2,12,7,127
5640,672,10,36,48,437
5641,640,3,32,45,469
5642,119,8,3,5,81
5650,78,9,5,4,39
5651,102,4,1,3,79
5652,451,5,33,26,253
5654,108,2,10,8,57
5655,69,0,6,1,32
5661,81,1,6,1,41
5670,276,1,21,13,113
5671,104,13,10,3,53
5680,"1,296",29,100,83,670
5690,"2,174",67,275,169,820
5700,"5,420",134,683,457,"2,546"
5701,62,0,1,0,40
5710,"1,258",30,84,69,688
5720,120,5,9,0,54
5722,175,12,28,10,67
5723,807,14,116,62,306
5724,113,4,32,6,28
5725,"2,297",116,108,31,"1,552"
5730,51,0,5,3,33
5731,190,13,14,2,112
5732,76,2,18,1,25
5733,51,1,4,4,28
5734,82,1,13,2,20
SA other,"1,682",29,139,112,995
7000,"8,750",112,896,400,"5,897"
7004,"4,638",57,415,296,"3,165"
7005,"8,396",80,570,477,"6,178"
7007,"1,873",18,156,96,"1,467"
7008,"7,282",47,580,444,"5,251"
7009,"6,613",44,935,433,"3,501"
7010,"7,949",53,"1,076",594,"4,130"
7011,"7,384",29,808,590,"3,847"
7012,483,2,42,23,275
7015,"6,193",29,376,557,"4,649"
7016,978,4,160,87,365
7017,"3,340",17,196,167,"2,296"
7018,"12,161",68,888,"1,061","8,667"
7019,"2,678",9,426,212,"1,231"
7020,"1,591",21,80,62,"1,195"
7021,"1,498",4,112,109,"1,099"
7022,529,3,47,37,356
7023,202,0,13,18,135
7024,341,2,15,20,263
7025,"1,139",5,62,81,855
7026,519,1,45,38,313
7027,131,0,9,6,58
7030,"7,986",29,958,531,"3,740"
7050,"6,823",28,589,430,"4,606"
7052,"4,237",20,317,296,"3,102"
7053,"2,136",28,128,131,"1,680"
7054,"5,135",33,334,281,"3,554"
7055,235,2,15,14,165
7109,"4,784",25,489,305,"2,618"
7112,"1,535",12,196,119,780
7113,566,1,54,32,282
7116,"1,093",8,131,95,516
7117,467,5,36,32,193
7120,817,1,79,61,438
7140,"5,300",38,643,382,"2,487"
7150,"1,630",18,114,116,"1,035"
7155,494,4,30,35,318
7162,377,2,25,28,247
7163,195,2,12,25,107
7170,"3,185",31,141,143,"2,618"
7171,"1,741",10,166,139,"1,073"
7172,"1,953",7,174,142,"1,082"
7173,"3,496",32,399,227,"1,839"
7174,94,0,13,8,49
7175,119,1,13,8,64
7176,88,0,11,7,62
7177,233,0,30,18,134
7178,137,1,12,8,79
7179,231,1,19,20,143
7180,91,0,15,10,41
7182,103,0,13,9,41
7184,348,1,54,29,135
7185,51,0,2,7,29
7186,85,0,5,11,47
7187,77,1,7,4,51
7190,"1,589",7,133,170,920
7209,226,1,25,21,123
7210,505,4,54,45,218
7211,108,0,20,5,52
7212,"1,028",9,96,59,560
7213,119,1,28,5,37
7214,235,2,41,17,105
7215,"1,797",16,225,142,896
7216,"1,599",22,235,179,713
7248,"6,716",43,"1,342",455,"2,425"
7249,"6,259",64,690,462,"3,232"
7250,"27,736",287,"2,787","1,838","16,585"
7252,"1,607",12,118,95,946
7253,"2,001",19,318,169,876
7254,301,0,33,19,138
7255,514,10,33,36,274
7256,996,28,47,78,518
7258,581,10,26,26,446
7259,274,3,17,24,135
7260,"1,612",7,161,105,794
7261,173,3,19,16,82
7262,955,10,91,67,484
7263,297,7,46,28,120
7264,291,3,58,24,103
7265,123,0,7,5,58
7267,474,4,45,29,257
7268,570,5,45,41,326
7270,"1,965",21,252,158,955
7275,"1,756",11,165,142,935
7276,305,2,36,38,165
7277,"3,265",32,197,204,"2,029"
7290,"1,341",6,104,77,716
7291,323,4,32,26,178
7292,339,4,11,16,229
7300,"1,954",15,148,108,"1,063"
7301,"2,341",12,217,189,"1,267"
7302,920,6,86,60,432
7303,"1,404",14,144,96,693
7304,"3,065",18,318,260,"1,311"
7305,539,4,76,37,149
7306,"2,083",30,201,157,775
7307,"5,501",74,515,418,"2,518"
7310,"14,279",178,"1,726","1,117","5,907"
7315,"7,587",81,868,606,"3,367"
7316,"3,322",45,348,218,"1,651"
7320,"8,525",127,"1,125",540,"3,788"
7321,"2,292",38,264,136,986
7322,"1,955",31,227,136,900
7325,"4,349",64,493,304,"2,022"
7330,"3,666",54,329,201,"1,509"
7331,356,9,24,25,191
7467,785,24,162,66,334
7468,414,8,50,25,179
7469,353,6,56,15,145
7470,321,9,49,7,156
TAS other,"1,282",12,76,89,732
3000,"21,585",308,750,181,"7,310"
3002,"3,586",82,140,67,"2,675"
3003,"3,571",69,202,47,"1,775"
3004,"6,941",187,241,133,"4,647"
3006,"12,289",284,432,120,"6,547"
3008,"7,164",172,185,74,"3,601"
3011,"12,923",237,"1,373",267,"5,615"
3012,"15,009",234,"1,389",404,"7,032"
3013,"9,119",206,578,221,"5,832"
3015,"10,424",206,601,259,"6,921"
3016,"9,720",187,487,349,"7,208"
3018,"7,647",148,498,395,"4,476"
3019,"4,277",51,642,146,"1,103"
3020,"21,676",268,"2,714",853,"5,914"
3021,"24,953",228,"3,439","1,203","5,420"
3022,"1,937",27,236,94,590
3023,"32,700",479,"2,903",997,"11,741"
3024,"12,265",135,"1,221",483,"4,100"
3025,"5,841",126,522,258,"2,797"
3026,169,1,8,4,69
3027,"4,033",52,173,54,"2,011"
3028,"16,045",233,"1,321",551,"6,522"
3029,"50,354",574,"3,939","1,506","17,094"
3030,"55,342",847,"4,048","1,673","26,031"
3031,"10,951",234,"1,053",253,"6,446"
3032,"17,966",303,"1,460",451,"10,641"
3033,"8,084",89,443,521,"5,056"
3034,"6,340",109,426,340,"3,720"
3036,"3,897",49,185,240,"2,803"
3037,"27,476",322,"2,266",792,"10,954"
3038,"16,942",249,"1,227",617,"8,836"
3039,"9,102",121,497,258,"6,220"
3040,"16,776",238,877,546,"12,042"
3041,"7,754",98,358,304,"5,651"
3042,"9,259",136,573,502,"5,814"
3043,"9,984",121,789,648,"4,956"
3044,"15,315",205,963,562,"9,357"
3046,"17,870",235,"1,393",717,"7,627"
3047,"7,580",61,"1,248",370,"1,295"
3048,"6,642",53,"1,210",260,"1,073"
3049,"5,397",75,384,240,"2,735"
3051,"7,939",174,853,153,"4,032"
3052,"3,413",43,381,54,"2,025"
3053,"7,672",163,778,129,"3,487"
3054,"5,846",134,544,146,"3,839"
3055,"8,571",144,882,216,"4,758"
3056,"16,338",353,"1,632",304,"8,767"
3057,"7,856",189,831,138,"4,307"
3058,"19,965",335,"1,838",546,"10,375"
3059,"9,350",110,549,259,"5,320"
3060,"6,297",89,616,265,"2,035"
3061,"2,135",30,285,105,506
3062,98,1,5,0,51
3063,368,7,17,13,241
3064,"36,342",419,"3,526","1,034","10,639"
3065,"6,762",170,660,119,"3,908"
3066,"5,472",152,508,90,"2,945"
3067,"5,737",158,405,94,"3,330"
3068,"12,240",286,980,281,"8,188"
3070,"15,411",328,"1,312",358,"9,698"
3071,"11,084",222,"1,054",300,"6,139"
3072,"18,596",345,"1,829",597,"9,142"
3073,"25,531",291,"2,372","1,064","11,191"
3074,"9,547",108,"1,094",450,"2,712"
3075,"10,257",102,"1,060",448,"2,972"
3076,"17,209",201,"1,579",594,"5,979"
3078,"7,136",132,484,203,"4,823"
3079,"10,342",147,458,362,"7,932"
3081,"6,717",102,801,273,"2,941"
3082,"17,371",216,"1,419",612,"8,169"
3083,"16,903",217,"1,260",781,"8,569"
3084,"15,740",203,764,736,"11,438"
3085,"8,150",107,393,394,"5,362"
3087,"5,159",59,313,248,"3,189"
3088,"16,570",187,883,870,"11,274"
3089,"7,533",102,363,246,"5,185"
3090,"1,556",11,56,43,"1,225"
3091,"1,074",11,32,45,780
3093,"2,417",20,97,130,"1,863"
3094,"5,448",63,276,277,"3,792"
3095,"18,255",255,832,675,"13,729"
3096,"1,166",13,70,61,768
3097,941,14,44,35,692
3099,"3,043",42,176,126,"1,928"
3101,"16,341",260,709,398,"12,773"
3102,"4,154",51,188,152,"3,235"
3103,"10,199",129,409,423,"7,913"
3104,"12,994",170,531,452,"10,084"
3105,"6,564",84,327,385,"4,548"
3106,"10,761",130,468,534,"8,201"
3107,"7,941",80,399,496,"5,633"
3108,"12,765",163,720,792,"8,347"
3109,"16,933",120,926,"1,008","11,810"
3111,"7,571",72,351,413,"5,713"
3113,"5,431",69,182,172,"4,149"
3114,"2,496",33,80,86,"2,079"
3115,"2,708",29,93,86,"2,108"
3116,"6,127",83,365,368,"3,722"
3121,"21,020",498,"1,408",359,"13,826"
3122,"15,927",253,876,320,"11,280"
3123,"9,294",127,485,241,"6,994"
3124,"14,849",183,666,585,"11,898"
3125,"7,711",102,523,419,"4,846"
3126,"5,445",57,210,233,"4,611"
3127,"12,202",130,533,468,"9,861"
3128,"10,894",137,674,433,"6,382"
3129,"9,811",98,508,493,"6,733"
3130,"18,952",182,962,"1,081","13,271"
3131,"12,861",121,778,767,"8,128"
3132,"10,034",96,547,531,"6,816"
3133,"13,527",124,640,854,"9,570"
3134,"19,951",194,"1,216",998,"13,300"
3135,"11,521",131,704,604,"7,330"
3136,"26,235",284,"1,689","1,578","16,070"
3137,"8,059",86,500,471,"4,233"
3138,"12,871",158,894,663,"7,034"
3139,"8,524",96,550,423,"3,996"
3140,"10,073",144,598,613,"5,617"
3141,"17,587",435,961,286,"11,589"
3142,"10,063",161,351,252,"8,350"
3143,"6,171",82,261,172,"4,719"
3144,"7,782",92,291,222,"6,417"
3145,"13,837",148,584,440,"10,613"
3146,"16,029",175,593,477,"12,924"
3147,"8,554",96,416,373,"6,291"
3148,"5,173",62,410,205,"2,989"
3149,"20,712",242,982,"1,137","14,542"
3150,"36,387",383,"1,750","2,216","24,903"
3151,"5,912",71,344,395,"3,599"
3152,"20,390",205,"1,282","1,114","13,532"
3153,"11,743",122,920,605,"6,019"
3154,"2,617",37,149,130,"1,468"
3155,"12,850",156,"1,028",811,"6,622"
3156,"22,637",250,"1,459","1,043","13,093"
3158,"4,220",75,283,186,"2,354"
3159,"1,534",17,87,54,890
3160,"5,501",65,354,248,"3,012"
3161,"10,158",133,538,306,"7,903"
3162,"11,697",153,532,475,"9,217"
3163,"19,596",234,978,673,"12,420"
3165,"15,942",207,825,784,"11,509"
3166,"13,672",178,859,437,"8,147"
3167,"5,447",61,346,217,"3,112"
3168,"9,478",104,657,291,"3,800"
3169,"10,698",148,784,417,"4,187"
3170,"11,097",135,630,551,"6,568"
3171,"10,514",90,"1,151",420,"2,709"
3172,"12,708",128,"1,075",690,"6,062"
3173,"14,190",178,"1,124",554,"6,124"
3174,"19,176",171,"2,016",851,"5,278"
3175,"26,016",256,"3,384","1,052","6,812"
3177,"4,828",43,764,232,848
3178,"21,123",229,"1,224",817,"13,523"
3179,"3,522",31,269,182,"2,006"
3180,"4,446",34,293,280,"2,729"
3181,"15,558",346,892,232,"9,011"
3182,"17,083",411,"1,107",266,"9,013"
3183,"12,111",220,875,238,"7,509"
3184,"10,860",231,605,221,"7,445"
3185,"8,547",111,503,300,"6,240"
3186,"16,333",231,515,531,"13,840"
3187,"9,867",122,358,490,"8,167"
3188,"10,824",164,461,477,"8,552"
3189,"3,753",53,212,204,"2,473"
3190,"6,372",73,336,291,"4,457"
3191,"6,494",99,219,294,"5,256"
3192,"13,368",204,737,792,"8,989"
3193,"13,041",157,417,696,"10,981"
3194,"8,658",107,437,517,"5,978"
3195,"21,628",274,"1,065",987,"15,143"
3196,"14,756",187,994,764,"8,916"
3197,"7,221",109,413,368,"4,576"
3198,"9,243",124,878,601,"4,270"
3199,"30,241",399,"2,811","2,133","15,522"
3200,"2,139",15,380,159,515
3201,"11,422",116,"1,085",533,"4,164"
3202,"1,594",27,93,42,"1,073"
3204,"18,324",234,861,726,"13,115"
3205,"7,294",185,357,163,"4,974"
3206,"6,995",138,219,213,"5,640"
3207,"10,983",311,383,260,"8,280"
3211,789,14,43,28,458
3212,"9,007",103,682,484,"4,874"
3213,"1,511",10,141,58,883
3214,"9,370",70,"1,720",686,"2,758"
3215,"11,113",131,"1,088",741,"5,993"
3216,"32,900",283,"2,845","2,052","20,244"
3217,"3,468",41,238,106,"2,014"
3218,"7,818",77,677,340,"4,782"
3219,"10,284",89,"1,270",678,"4,891"
3220,"10,816",137,816,409,"7,588"
3221,"2,398",26,89,102,"1,637"
3222,"8,042",69,642,562,"4,567"
3223,"3,622",25,303,415,"2,059"
3224,"7,864",74,635,516,"4,529"
3225,"2,652",13,134,309,"1,961"
3226,"8,778",93,551,598,"5,695"
3227,"3,039",44,181,126,"2,210"
3228,"11,384",164,667,592,"7,661"
3230,"1,624",21,103,124,"1,006"
3231,831,11,57,72,548
3232,797,10,41,37,501
3233,"1,340",15,113,110,620
3234,95,1,3,4,47
3235,239,4,19,13,124
3236,150,0,19,9,65
3237,120,0,10,5,49
3238,152,0,8,11,63
3239,239,3,20,11,100
3240,"1,313",9,54,62,906
3241,"1,474",14,116,117,762
3242,594,12,51,32,311
3243,218,4,20,12,115
3249,"2,238",27,147,144,"1,127"
3250,"6,622",77,641,468,"2,629"
3251,317,2,31,17,161
3254,173,0,16,12,78
3260,"2,720",38,224,227,"1,198"
3264,"1,380",15,120,107,535
3265,"1,464",31,104,64,618
3266,"1,756",25,101,122,782
3267,182,0,16,6,79
3268,"1,757",22,119,102,811
3269,433,22,25,14,202
3270,141,4,8,10,73
3271,119,0,5,5,68
3272,838,10,81,75,303
3273,79,2,2,3,38
3274,159,2,14,3,78
3275,276,5,17,9,101
3276,291,2,15,8,109
3277,"1,189",26,73,44,516
3278,179,4,18,9,64
3279,179,4,12,9,76
3280,"18,798",248,"1,899","1,189","7,415"
3281,"1,011",24,68,39,468
3282,"1,601",21,108,92,632
3283,696,8,45,29,315
3284,"2,050",37,144,163,"1,045"
3285,722,12,52,32,376
3286,355,3,25,24,159
3287,271,3,11,13,122
3289,461,6,44,24,203
3292,101,3,4,6,51
3293,211,1,14,11,111
3294,609,9,36,41,345
3300,"5,834",49,557,523,"2,455"
3301,697,9,47,32,379
3302,250,5,29,9,98
3303,209,1,17,11,74
3304,"1,462",42,133,112,556
3305,"6,922",162,721,438,"3,210"
3309,58,0,8,5,28
3310,152,1,17,16,54
3311,921,14,78,103,294
3312,535,13,40,38,237
3314,353,3,29,22,172
3315,935,17,91,64,418
3317,111,2,8,7,66
3318,721,14,63,72,332
3319,227,1,15,11,112
3321,948,14,51,32,612
3322,96,0,18,3,45
3323,58,1,3,3,37
3324,294,2,28,22,169
3325,265,6,18,17,151
3328,983,14,54,43,534
3329,153,0,8,11,102
3330,133,0,11,11,62
3331,"3,424",34,191,170,"1,982"
3332,590,1,40,27,302
3333,486,6,30,25,249
3334,319,3,28,19,144
3335,"3,244",45,199,97,"1,244"
3337,"18,713",199,"1,981","1,038","6,019"
3338,"11,235",147,"1,176",548,"3,636"
3340,"11,758",231,848,574,"5,332"
3341,947,16,41,30,499
3342,"1,898",29,139,124,889
3345,709,9,42,35,374
3350,"32,983",319,"3,399","2,003","19,495"
3351,"4,511",28,389,228,"2,318"
3352,"9,065",75,586,498,"5,557"
3355,"5,836",46,761,587,"2,770"
3356,"7,478",46,"1,086",585,"3,054"
3357,"2,211",17,135,121,"1,519"
3360,370,0,40,24,164
3361,345,1,37,31,200
3363,"1,794",20,164,129,879
3364,"1,137",20,85,69,670
3370,829,8,110,60,351
3371,480,4,79,40,163
3373,"1,174",11,89,101,555
3374,163,3,13,15,59
3375,134,4,11,8,89
3377,"4,779",60,470,348,"1,621"
3378,120,0,8,4,92
3379,405,4,35,29,247
3380,"3,373",28,314,284,"1,197"
3381,650,11,46,42,308
3384,290,2,38,40,147
3385,267,4,35,15,108
3387,204,1,16,8,106
3388,351,12,40,24,193
3390,480,7,37,37,245
3391,79,0,11,3,57
3392,307,8,31,29,161
3393,"1,410",8,111,146,652
3395,238,0,18,15,163
3396,404,3,36,41,274
3400,"8,180",90,780,611,"3,474"
3401,"2,600",25,154,122,"1,297"
3407,279,9,18,8,125
3409,605,4,44,31,287
3412,169,4,14,11,90
3413,124,2,11,12,66
3414,883,9,90,65,362
3418,"1,653",14,133,115,784
3419,587,4,33,46,334
3420,153,4,15,5,103
3423,191,2,29,12,75
3424,408,1,34,39,261
3427,"1,610",14,106,73,700
3428,395,7,20,22,217
3429,"21,265",267,"1,474","1,009","11,326"
3430,173,4,7,8,104
3431,"2,448",33,119,99,"1,607"
3432,110,2,7,3,79
3433,145,1,3,7,78
3434,"2,894",38,178,152,"1,555"
3435,"1,626",11,99,86,875
3437,"6,328",99,292,273,"4,289"
3438,"1,281",21,54,69,868
3440,"1,171",14,46,67,827
3441,846,12,28,35,643
3442,"4,320",61,204,216,"2,834"
3444,"5,257",75,310,350,"2,749"
3446,554,9,41,33,216
3447,258,1,25,19,116
3448,518,8,37,30,226
3450,"4,018",53,377,344,"1,753"
3451,"2,434",28,196,149,932
3453,996,4,60,65,459
3458,"1,110",19,79,93,543
3460,"1,656",9,155,125,810
3461,"2,190",41,177,181,997
3462,620,6,69,43,195
3463,"1,295",19,105,141,569
3464,555,5,67,42,179
3465,"4,339",26,596,413,"1,514"
3467,590,10,60,61,207
3468,145,1,19,10,73
3469,137,2,10,24,53
3472,595,3,87,68,176
3475,148,1,27,16,72
3477,400,2,39,26,197
3478,"1,359",11,153,131,554
3480,986,4,119,103,518
3482,98,0,24,13,57
3483,534,3,63,50,381
3485,166,1,25,20,114
3487,50,0,6,2,37
3488,70,1,15,2,48
3490,707,13,56,49,370
3491,66,0,5,3,48
3494,326,2,42,14,160
3496,"3,484",33,413,206,"1,791"
3498,"2,639",28,269,186,"1,652"
3500,"15,613",151,"1,957","1,115","7,435"
3501,"2,051",23,173,117,"1,250"
3505,"2,534",17,308,189,"1,280"
3507,85,2,4,6,49
3509,164,4,14,13,112
3512,213,4,8,13,136
3515,"1,098",6,80,59,488
3516,388,9,35,21,223
3517,649,2,73,58,281
3518,606,4,106,71,279
3521,342,5,23,18,153
3522,179,2,18,6,95
3523,"1,630",22,158,167,666
3525,744,3,82,71,453
3527,412,0,55,46,227
3529,89,0,29,9,71
3530,74,2,13,2,52
3531,112,0,16,12,70
3533,407,3,41,32,208
3537,586,6,39,60,356
3540,167,0,16,15,89
3542,108,0,12,10,68
3544,137,0,13,12,73
3546,270,1,25,15,169
3549,"1,994",16,177,121,854
3550,"21,885",242,"2,623","1,567","11,563"
3551,"17,302",191,"1,101",916,"9,823"
3555,"10,281",74,"1,137",809,"4,577"
3556,"6,423",61,852,478,"2,331"
3557,423,4,27,20,232
3558,502,6,44,48,271
3559,289,1,21,19,179
3561,"2,518",22,191,195,"1,257"
3562,156,0,9,7,73
3563,443,2,46,38,213
3564,"9,436",107,826,659,"4,111"
3566,289,4,23,22,119
3567,392,2,22,34,211
3568,"1,547",17,121,132,767
3570,404,0,29,29,191
3571,196,3,11,19,121
3572,149,2,15,7,91
3573,201,5,14,17,109
3575,448,4,46,27,222
3579,"2,912",25,259,286,"1,308"
3580,561,6,55,67,203
3581,106,0,11,9,58
3583,93,0,14,6,34
3584,574,5,45,51,242
3585,"6,872",56,599,496,"3,183"
3586,241,4,21,9,108
3588,185,2,16,14,57
3589,168,0,19,12,79
3590,185,1,11,11,100
3591,97,2,6,8,43
3594,345,2,31,28,97
3595,313,2,56,34,101
3596,69,0,9,3,32
3597,229,1,14,10,126
3599,61,2,3,2,33
3607,54,2,3,3,24
3608,"1,348",20,102,121,660
3610,754,3,76,47,310
3612,835,7,93,73,292
3614,559,5,41,25,261
3616,"3,064",23,271,215,"1,440"
3617,97,0,5,5,62
3618,407,3,43,24,132
3620,"4,407",52,436,374,"1,788"
3621,"1,289",10,129,111,398
3622,225,6,12,19,94
3623,528,3,55,54,213
3624,278,1,35,20,119
3629,"4,939",34,585,390,"1,605"
3630,"16,663",146,"2,037","1,203","6,054"
3631,"6,824",74,492,348,"3,668"
3633,424,7,30,22,214
3634,"1,136",9,95,70,503
3635,317,6,23,16,117
3636,"2,912",41,277,263,"1,198"
3637,320,7,21,24,124
3638,"1,146",6,104,92,515
3639,308,1,39,25,127
3640,632,8,53,41,259
3641,689,9,55,41,259
3644,"4,768",82,418,313,"1,961"
3646,352,3,34,27,166
3649,254,2,26,20,107
3658,"3,277",53,291,190,"1,211"
3659,380,0,17,21,180
3660,"3,794",43,393,293,"1,512"
3662,478,3,11,3,179
3663,93,0,8,4,49
3664,614,8,59,41,291
3665,195,0,16,14,89
3666,"2,689",22,206,254,"1,409"
3669,736,10,54,76,310
3670,335,6,31,26,135
3672,"5,345",59,542,506,"1,972"
3673,"1,073",8,72,81,476
3675,"1,099",10,85,98,505
3677,"9,693",115,"1,016",821,"3,893"
3678,"3,921",49,232,294,"1,985"
3682,340,2,28,19,156
3683,"1,020",10,88,73,484
3685,"1,659",14,122,135,879
3687,599,1,48,50,285
3688,817,8,41,42,382
3690,"18,629",193,"1,907","1,299","8,701"
3691,"5,651",56,336,309,"3,257"
3694,105,2,1,0,21
3695,316,2,17,15,173
3697,316,3,15,27,184
3698,516,6,33,41,320
3699,647,2,51,52,297
3700,830,8,54,68,436
3701,629,9,35,40,330
3705,168,0,14,11,93
3707,981,11,81,92,517
3709,202,0,18,22,130
3711,294,4,15,31,131
3712,201,4,12,18,97
3713,463,3,33,43,168
3714,"1,988",20,140,177,951
3715,165,1,10,18,72
3717,"1,565",21,98,133,846
3718,58,0,2,2,36
3719,252,2,25,18,147
3720,318,2,20,39,160
3722,"2,970",39,182,292,"1,435"
3723,"1,501",18,99,121,735
3725,356,2,26,31,142
3726,207,2,21,21,81
3727,203,0,17,18,76
3728,316,4,43,26,98
3730,"4,628",49,384,423,"2,105"
3732,349,5,19,43,170
3733,129,1,9,14,63
3735,410,3,30,34,202
3737,"2,535",27,208,177,"1,072"
3738,105,0,9,11,35
3739,120,3,13,10,50
3740,607,5,43,44,281
3741,"1,897",13,127,168,937
3744,245,0,13,20,130
3746,193,0,17,11,69
3747,"2,693",49,213,215,"1,345"
3749,"1,205",20,83,75,680
3750,"4,685",57,313,93,"1,620"
3751,125,0,10,1,69
3752,"13,403",153,850,367,"6,363"
3753,"1,245",18,45,48,570
3754,"20,297",209,"1,267",753,"10,580"
3755,160,2,12,13,95
3756,"6,516",82,446,265,"2,718"
3757,"4,898",63,261,239,"2,666"
3758,"1,324",18,79,48,615
3759,658,9,37,31,443
3760,292,1,17,13,192
3761,708,7,31,43,398
3762,91,1,5,3,55
3763,960,10,75,45,396
3764,"4,776",75,354,285,"2,357"
3765,"4,127",43,220,220,"2,374"
3766,776,13,56,37,419
3767,718,11,40,46,469
3770,"1,984",14,81,86,"1,169"
3775,"2,406",28,108,147,"1,415"
3777,"5,891",74,421,391,"2,622"
3778,126,0,6,10,26
3779,245,1,15,27,107
3781,"2,442",33,170,103,989
3782,"4,813",53,246,218,"2,692"
3783,"1,313",24,88,71,673
3786,936,12,47,52,600
3787,674,14,37,37,421
3788,"1,128",18,58,60,650
3789,167,0,12,9,118
3791,948,14,48,54,573
3792,676,17,34,32,419
3793,"2,104",39,133,134,"1,057"
3795,901,13,50,34,495
3796,"5,667",87,337,268,"2,687"
3797,"1,838",22,136,120,705
3799,"2,987",29,350,196,996
3800,100,1,23,0,52
3802,"13,627",180,"1,207",534,"5,865"
3803,"5,547",80,596,218,"1,742"
3804,"5,183",91,193,142,"3,349"
3805,"30,999",315,"2,531",985,"12,984"
3806,"27,889",379,"1,519","1,164","16,533"
3807,"4,459",58,217,144,"2,932"
3808,"1,899",23,72,61,"1,347"
3809,"4,263",55,267,123,"2,209"
3810,"25,163",259,"2,215","1,229","9,783"
3812,"1,513",15,78,74,829
3813,513,7,31,22,245
3814,"1,304",17,83,62,657
3815,"1,668",25,76,94,816
3816,"1,469",18,139,79,545
3818,"7,472",84,594,539,"2,958"
3820,"9,394",174,686,594,"4,375"
3821,"1,676",36,96,91,809
3822,560,10,38,19,233
3823,"1,057",13,69,60,490
3824,"2,772",64,211,183,"1,235"
3825,"9,768",238,"1,154",697,"4,124"
3831,973,8,35,67,497
3832,124,1,8,12,75
3833,154,3,16,25,54
3835,341,8,32,20,159
3840,"7,671",188,983,551,"3,002"
3842,"2,196",35,310,142,806
3844,"16,169",552,"1,289",958,"7,668"
3847,"1,142",25,97,74,412
3850,"8,110",224,718,577,"3,594"
3851,"2,415",75,207,194,"1,050"
3854,866,51,38,26,450
3856,576,18,33,14,244
3857,221,5,16,9,83
3858,"1,627",32,133,118,559
3859,455,12,33,41,195
3860,"4,048",111,306,276,"1,543"
3862,"1,779",46,134,114,705
3864,112,0,10,6,29
3865,298,8,18,22,71
3869,"1,043",39,71,69,518
3870,698,8,71,54,283
3871,"1,581",27,141,122,707
3873,196,6,13,12,75
3874,343,11,38,14,154
3875,"9,991",133,932,873,"3,641"
3878,590,7,58,64,262
3880,"1,972",24,168,263,874
3882,611,9,65,81,239
3885,"1,030",16,101,86,260
3886,190,3,22,20,49
3887,167,0,19,16,36
3888,"1,657",32,206,147,477
3889,82,0,12,16,21
3890,166,4,27,7,56
3891,65,1,7,8,17
3892,579,9,59,75,226
3895,119,3,7,17,44
3896,228,5,25,13,73
3898,405,4,34,28,166
3900,110,4,6,10,41
3902,227,4,22,30,95
3903,412,8,29,38,180
3904,840,9,73,104,427
3909,"3,974",75,404,402,"1,345"
3910,"13,766",169,897,699,"7,408"
3911,"1,990",16,152,85,"1,024"
3912,"9,155",113,582,507,"5,014"
3913,"2,178",33,134,150,"1,235"
3915,"4,670",46,504,405,"1,906"
3916,629,6,28,29,474
3918,"2,272",31,120,118,"1,158"
3919,"1,709",19,194,108,611
3920,433,1,27,1,112
3921,72,3,8,11,32
3922,"4,113",42,385,418,"2,058"
3923,347,3,21,38,201
3925,"1,996",20,179,152,"1,034"
3926,"2,066",23,89,139,"1,461"
3927,"1,011",12,42,73,723
3928,300,2,10,16,230
3929,629,7,28,34,492
3930,"11,317",147,416,657,"8,923"
3931,"13,796",154,831,"1,292","8,504"
3933,748,8,17,28,548
3934,"11,164",120,541,731,"7,863"
3936,"6,416",76,458,623,"3,766"
3937,"1,064",14,45,36,832
3938,"1,818",20,119,165,"1,138"
3939,"7,606",58,679,690,"3,771"
3940,"2,123",20,210,319,917
3941,"6,778",58,645,601,"3,432"
3942,"1,416",18,65,150,979
3943,"1,110",3,46,101,895
3944,445,1,6,12,406
3945,588,2,40,44,272
3946,164,1,12,18,94
3950,"2,494",45,206,216,944
3951,595,6,38,41,267
3953,"4,480",77,312,351,"2,072"
3954,245,1,12,13,126
3956,"1,360",8,122,86,653
3957,188,1,12,11,82
3958,170,2,19,9,73
3959,687,9,49,39,352
3960,"1,450",14,108,122,646
3962,517,8,55,52,183
3964,94,0,6,6,36
3965,91,1,9,13,30
3966,290,7,20,15,101
3967,69,0,6,9,29
3971,"2,077",33,179,170,751
3975,"8,308",110,494,155,"3,280"
3976,"12,638",88,"1,379",377,"3,220"
3977,"50,705",507,"3,991","1,940","19,230"
3978,"6,021",82,377,210,"2,645"
3979,199,2,6,13,103
3980,"1,895",40,113,96,815
3981,"2,688",34,155,156,"1,157"
3984,"2,604",28,268,230,981
3987,838,8,60,36,327
3988,692,6,48,40,283
3990,105,3,5,4,66
3991,213,9,18,23,80
3992,447,5,52,28,124
3995,"5,034",71,607,387,"1,589"
3996,"3,031",32,205,261,"1,605"
VIC other,"7,828",119,504,524,"4,470"
6000,"9,749",369,405,189,"4,663"
6003,"3,219",70,188,25,"1,679"
6004,"7,713",227,258,105,"4,445"
6005,"4,160",145,208,80,"2,517"
6006,"5,692",116,321,150,"4,370"
6007,"4,863",95,231,112,"3,817"
6008,"9,885",222,431,297,"8,103"
6009,"11,418",164,505,334,"9,707"
6010,"11,041",158,407,490,"9,553"
6011,"6,443",142,205,161,"5,604"
6012,"5,616",67,233,180,"4,628"
6014,"13,378",167,460,570,"10,934"
6015,"4,709",51,117,199,"4,247"
6016,"6,302",96,269,136,"4,671"
6017,"3,000",46,197,85,"1,726"
6018,"24,776",382,"1,010","1,101","20,203"
6019,"15,355",323,673,618,"11,799"
6020,"14,378",191,483,716,"12,459"
6021,"12,749",179,587,600,"9,681"
6022,"3,221",37,169,243,"2,440"
6023,"9,906",109,352,551,"8,473"
6024,"8,376",110,435,544,"6,454"
6025,"19,968",312,940,"1,067","16,003"
6026,"14,507",189,590,815,"12,169"
6027,"27,185",469,"1,523","1,138","20,340"
6028,"14,883",262,557,499,"11,823"
6029,"2,033",37,81,74,"1,734"
6030,"22,860",383,"1,543","1,073","15,661"
6031,"9,753",172,583,299,"6,896"
6032,183,6,7,7,120
6033,322,4,12,2,241
6034,"1,028",24,55,25,722
6035,"4,819",90,303,242,"3,338"
6036,"8,678",181,576,334,"5,970"
6037,"1,589",36,108,86,"1,070"
6038,"3,839",73,240,109,"2,660"
6041,806,11,61,55,553
6042,53,2,3,8,32
6043,124,3,4,7,84
6044,740,12,40,49,434
6050,"10,258",136,525,453,"8,220"
6051,"8,392",157,574,222,"5,627"
6052,"7,135",90,399,252,"5,558"
6053,"8,937",133,467,337,"6,610"
6054,"11,652",146,846,577,"8,188"
6055,"12,787",212,668,399,"9,161"
6056,"22,617",376,"1,716","1,216","15,294"
6057,"10,181",162,564,512,"7,530"
6058,"7,490",98,462,414,"5,055"
6059,"14,471",163,774,826,"10,759"
6060,"15,078",231,930,594,"10,619"
6061,"20,640",305,"2,180",825,"10,391"
6062,"20,125",244,"1,338","1,217","13,733"
6063,"8,088",89,698,284,"4,887"
6064,"16,245",198,"1,656",813,"9,289"
6065,"37,681",508,"1,776","1,406","27,802"
6066,"10,960",144,824,423,"7,386"
6067,68,1,4,2,38
6069,"22,349",392,"1,185",850,"16,032"
6070,"2,201",45,81,134,"1,807"
6071,"2,205",30,111,106,"1,826"
6072,572,9,24,37,460
6073,"1,992",25,86,158,"1,589"
6074,642,12,42,49,494
6076,"13,632",179,489,968,"11,240"
6077,669,14,28,36,508
6078,459,2,18,25,367
6081,"2,953",45,129,125,"2,390"
6082,"1,933",32,103,108,"1,470"
6083,"2,293",43,108,97,"1,816"
6084,"4,787",123,238,179,"3,517"
6090,169,12,5,1,110
6100,"10,142",215,610,258,"6,633"
6101,"10,498",177,694,342,"6,916"
6102,"7,031",74,631,324,"3,641"
6103,"6,305",121,421,156,"3,773"
6104,"8,746",165,570,349,"5,589"
6105,"8,741",182,635,399,"5,149"
6106,148,7,7,2,101
6107,"25,622",311,"1,777",905,"14,473"
6108,"13,711",163,965,738,"8,909"
6109,"6,297",95,660,338,"3,332"
6110,"22,327",321,"1,707","1,124","14,021"
6111,"13,483",234,"1,091",809,"8,928"
6112,"31,860",473,"2,397","1,270","20,717"
6121,"1,861",23,56,61,"1,463"
6122,"10,258",213,566,366,"7,012"
6123,"1,024",15,59,52,716
6124,710,24,44,39,513
6125,"1,801",43,62,85,"1,377"
6126,153,0,6,3,110
6147,"8,804",109,728,458,"5,399"
6148,"11,030",115,584,625,"8,512"
6149,"12,313",129,466,708,"10,203"
6150,"8,632",97,357,538,"7,046"
6151,"11,281",199,514,343,"9,031"
6152,"15,856",230,882,743,"12,346"
6153,"14,059",183,531,584,"11,979"
6154,"6,321",80,260,401,"5,216"
6155,"31,741",424,"1,426","1,303","24,006"
6156,"10,351",158,495,487,"8,566"
6157,"8,678",107,448,450,"7,117"
6158,"4,936",82,223,179,"4,110"
6159,"2,368",51,132,83,"2,008"
6160,"5,642",141,394,205,"3,969"
6161,126,3,6,3,54
6162,"7,200",182,467,298,"5,303"
6163,"30,594",504,"2,082","1,453","22,203"
6164,"35,343",610,"1,946","1,052","26,403"
6165,128,3,4,5,82
6166,"6,253",106,274,283,"5,041"
6167,"13,431",235,"1,249",590,"8,081"
6168,"12,521",289,"1,225",829,"7,566"
6169,"19,465",463,"1,564","1,203","12,886"
6170,"7,262",144,519,199,"4,543"
6171,"17,979",425,971,658,"12,617"
6172,"7,767",207,544,325,"5,114"
6173,"7,054",171,289,200,"5,266"
6174,"2,178",48,154,94,"1,518"
6175,"2,127",54,113,103,"1,578"
6176,820,13,35,19,585
6180,"2,671",49,158,108,"1,820"
6181,294,4,16,11,239
6207,517,10,23,18,390
6208,"6,060",106,454,478,"4,283"
6209,888,15,83,53,609
6210,"38,255",689,"2,996","3,050","26,382"
6211,"3,597",96,257,270,"2,531"
6213,393,15,37,21,255
6214,421,3,18,17,309
6215,"2,176",44,163,126,"1,563"
6218,217,1,34,14,138
6220,"2,774",34,176,118,"1,824"
6221,123,5,8,5,82
6223,127,1,9,6,103
6224,654,11,39,37,424
6225,"4,661",104,384,270,"3,199"
6226,490,7,28,12,408
6227,465,9,16,19,358
6228,126,2,7,4,97
6229,114,4,12,6,85
6230,"24,713",447,"2,091","1,430","16,823"
6232,"6,162",130,413,366,"4,248"
6233,"10,942",182,697,564,"8,150"
6236,"1,353",21,78,67,"1,076"
6237,"1,533",19,87,104,"1,186"
6239,"2,655",55,179,189,"1,794"
6240,83,0,3,10,52
6244,985,13,51,64,681
6251,208,4,13,14,141
6252,63,1,3,4,43
6253,412,3,43,41,264
6254,261,10,22,21,139
6255,"2,342",39,146,193,"1,532"
6256,67,0,6,2,45
6258,"3,989",55,311,229,"2,407"
6260,910,5,45,68,580
6262,433,5,36,41,266
6271,"1,865",42,141,133,"1,260"
6275,835,10,75,72,477
6280,"16,438",221,"1,308","1,170","10,861"
6281,"5,034",84,249,234,"3,577"
6282,997,12,44,44,763
6284,"1,445",23,88,66,"1,009"
6285,"6,501",92,461,260,"3,696"
6286,412,3,23,21,260
6288,373,2,18,16,220
6290,981,11,66,104,625
6302,"1,997",32,145,159,"1,362"
6304,929,12,63,73,659
6306,577,5,49,41,417
6308,881,8,74,50,615
6309,162,0,9,7,100
6311,304,7,19,29,210
6312,"2,621",45,176,154,"1,608"
6313,98,0,7,4,60
6315,"1,191",5,83,90,773
6316,209,3,15,9,148
6317,"2,345",28,229,132,"1,244"
6318,283,5,18,10,183
6320,348,2,29,15,267
6321,300,4,12,24,170
6322,144,2,10,10,81
6323,541,7,46,53,270
6324,"2,055",22,216,172,"1,129"
6326,342,0,16,25,205
6327,134,3,17,7,64
6328,285,2,22,8,179
6330,"20,645",330,"1,607","1,569","11,628"
6333,"3,538",49,257,298,"2,091"
6335,480,11,20,26,319
6336,204,1,14,11,146
6337,395,9,18,9,252
6338,471,4,13,18,343
6341,170,0,4,9,133
6343,156,1,8,5,121
6346,480,13,20,27,313
6348,470,8,42,49,321
6350,297,3,20,16,197
6352,124,0,6,3,111
6353,556,7,21,20,413
6355,387,4,18,8,289
6356,111,2,0,0,86
6357,63,0,1,2,54
6358,83,0,3,4,64
6359,326,3,11,11,254
6361,76,0,2,2,65
6365,355,0,14,14,284
6367,235,3,19,12,160
6369,490,6,25,26,370
6370,331,2,28,24,238
6372,86,1,7,5,54
6375,684,9,36,61,499
6383,574,2,46,40,421
6386,57,1,3,3,40
6390,961,19,36,46,817
6391,693,4,30,28,512
6392,342,5,16,12,245
6393,72,0,2,8,55
6394,103,1,8,8,73
6395,"1,395",16,84,93,943
6396,232,0,10,11,147
6398,313,1,21,42,192
6401,"3,819",83,327,254,"2,435"
6403,117,3,4,8,80
6405,198,2,13,11,131
6407,580,7,21,31,402
6409,241,1,17,6,178
6410,540,6,51,54,346
6411,80,0,0,2,72
6415,"1,680",28,122,103,"1,181"
6418,400,3,21,20,298
6420,79,0,4,3,68
6421,92,0,2,6,78
6423,102,0,6,3,81
6425,98,1,8,2,87
6426,454,12,30,31,320
6429,399,14,58,27,193
6430,"13,763",457,734,347,"9,480"
6431,63,3,14,1,22
6432,"3,912",115,320,173,"2,214"
6436,52,0,12,5,26
6437,220,3,6,3,165
6438,295,8,33,14,136
6440,253,8,46,11,83
6442,"1,227",56,110,25,843
6443,382,11,49,24,160
6445,136,3,2,11,101
6446,103,0,3,3,81
6447,84,1,2,1,69
6448,206,5,16,8,123
6450,"8,108",162,550,467,"4,964"
6460,401,1,18,26,317
6461,413,4,17,30,314
6466,62,0,2,3,57
6468,209,0,8,13,155
6472,147,0,2,5,121
6475,248,1,13,19,184
6477,176,2,6,9,132
6479,391,5,14,28,308
6485,271,5,22,21,216
6488,101,0,9,7,63
6490,123,1,13,12,87
6501,582,16,26,40,404
6502,762,10,38,46,528
6503,"1,373",17,55,68,889
6504,67,0,4,4,48
6505,83,0,1,7,71
6507,343,1,9,14,295
6509,113,0,4,3,76
6510,"1,176",14,72,65,822
6511,318,4,20,20,220
6512,57,1,0,1,47
6513,134,0,10,2,102
6514,317,7,32,24,221
6515,230,2,4,13,175
6516,"1,075",17,62,78,777
6517,286,7,17,15,200
6518,129,1,8,10,98
6519,323,6,20,22,210
6521,251,0,10,15,195
6522,309,4,22,10,222
6525,"2,023",32,137,150,"1,413"
6528,304,3,20,20,228
6530,"19,036",433,"1,561","1,093","11,905"
6532,"2,981",73,183,127,"2,106"
6535,869,6,81,79,572
6536,864,14,93,64,496
6537,494,10,47,23,272
6556,"1,227",28,68,67,895
6558,495,11,27,39,353
6560,685,15,63,36,413
6562,695,5,52,38,489
6564,240,6,18,18,169
6566,"1,933",35,142,174,"1,273"
6567,90,6,7,8,72
6568,146,1,7,3,117
6569,203,2,10,15,138
6571,68,0,2,1,55
6575,109,1,3,2,97
6603,740,7,33,38,515
6606,140,1,5,11,111
6608,75,1,3,3,49
6609,562,4,28,18,376
6612,134,0,3,5,113
6616,56,0,2,3,40
6620,211,3,5,10,125
6623,375,5,39,27,229
6630,304,4,31,12,190
6635,94,1,14,7,45
6638,227,9,43,17,88
6640,115,1,25,18,36
6642,413,13,82,24,148
6646,126,5,20,11,51
6701,"3,134",94,309,132,"1,417"
6707,"1,724",57,76,31,"1,009"
6710,688,71,27,11,377
6713,644,36,7,2,526
6714,"9,605",575,406,120,"6,540"
6716,373,5,11,0,333
6718,273,13,45,19,71
6720,"1,370",57,49,11,"1,044"
6721,"2,758",241,97,37,"1,962"
6722,"5,680",540,405,123,"3,130"
6725,"7,614",323,661,252,"3,670"
6726,"1,556",49,103,41,827
6728,"1,935",99,290,87,665
6740,409,21,73,28,132
6743,"3,745",143,324,95,"1,655"
6751,"1,764",68,52,14,"1,426"
6753,"2,632",154,146,34,"1,752"
6754,759,24,12,3,647
6760,100,7,18,5,41
6765,846,36,207,44,207
6770,809,29,178,54,190
6798,922,96,12,14,391
6799,246,12,31,5,77
WA other,"9,672",210,458,488,"6,954"