"postcode","total_tax","num_individuals","mean_tax_000s","year"
2000,1726846366,36185,47.723,"2015"
2006,6715139,83,80.906,"2015"
2007,221990941,4769,46.549,"2015"
2008,610133129,5607,108.817,"2015"
2009,806658299,9726,82.939,"2015"
2010,1619682473,20287,79.839,"2015"
2011,1284841167,14945,85.972,"2015"
2015,528163260,7254,72.81,"2015"
2016,568165641,8281,68.611,"2015"
2017,800139951,12727,62.87,"2015"
2018,475557121,8727,54.493,"2015"
2019,379169012,6159,61.564,"2015"
2020,496484755,8972,55.338,"2015"
2021,1263435336,10689,118.2,"2015"
2022,749516178,9039,82.921,"2015"
2023,1172786423,7159,163.82,"2015"
2024,836593893,7381,113.345,"2015"
2025,754106595,5337,141.298,"2015"
2026,2032421403,23617,86.058,"2015"
2027,1156387975,6109,189.293,"2015"
2028,485244763,3492,138.959,"2015"
2029,734057086,6946,105.681,"2015"
2030,1817100842,9786,185.684,"2015"
2031,1953298832,23078,84.639,"2015"
2032,491518788,8408,58.459,"2015"
2033,493715124,7141,69.139,"2015"
2034,1201714720,14017,85.733,"2015"
2035,1489345939,20950,71.091,"2015"
2036,986464418,16217,60.83,"2015"
2037,744063310,9525,78.117,"2015"
2038,518461761,5961,86.976,"2015"
2039,549072672,5751,95.475,"2015"
2040,1082937958,13200,82.041,"2015"
2041,1272422370,10905,116.683,"2015"
2042,846597166,12639,66.983,"2015"
2043,415078447,5415,76.654,"2015"
2044,306459184,5038,60.83,"2015"
2045,382255522,4044,94.525,"2015"
2046,1248748518,16265,76.776,"2015"
2047,702099933,7678,91.444,"2015"
2048,363994259,5021,72.495,"2015"
2049,474509434,6790,69.884,"2015"
2050,402204333,5409,74.359,"2015"
2052,4763921,156,30.538,"2015"
2060,1044855331,10414,100.332,"2015"
2061,505967463,4405,114.863,"2015"
2062,467006063,4759,98.132,"2015"
2063,645707336,4260,151.575,"2015"
2064,484118607,6119,79.118,"2015"
2065,1932432261,20803,92.892,"2015"
2066,1803332906,18801,95.917,"2015"
2067,1088562058,16100,67.613,"2015"
2068,1186709501,10584,112.123,"2015"
2069,1041769083,9065,114.923,"2015"
2070,925651704,8560,108.137,"2015"
2071,894613317,8581,104.256,"2015"
2072,450644091,5088,88.57,"2015"
2073,1043102217,10410,100.202,"2015"
2074,1346334313,14427,93.321,"2015"
2075,1183436217,13111,90.263,"2015"
2076,1330731728,15107,88.088,"2015"
2077,1248935045,21895,57.043,"2015"
2079,277681466,4535,61.231,"2015"
2080,66429467,1071,62.026,"2015"
2081,204950837,3322,61.696,"2015"
2082,201728597,3274,61.616,"2015"
2083,57685388,986,58.505,"2015"
2084,236913638,2402,98.632,"2015"
2085,498081696,7168,69.487,"2015"
2086,594786148,8268,71.939,"2015"
2087,610264139,7597,80.33,"2015"
2088,3046384913,19636,155.143,"2015"
2089,889613254,8879,100.193,"2015"
2090,994482714,9242,107.605,"2015"
2092,516363196,4471,115.492,"2015"
2093,1397140970,14603,95.675,"2015"
2094,397574843,4200,94.661,"2015"
2095,1188262509,12168,97.655,"2015"
2096,861837803,9850,87.497,"2015"
2097,752873365,9928,75.834,"2015"
2099,1591908451,25603,62.177,"2015"
2100,899393936,13514,66.553,"2015"
2101,862180096,12328,69.937,"2015"
2102,301141641,4473,67.325,"2015"
2103,481350111,7260,66.302,"2015"
2104,221020919,2363,93.535,"2015"
2105,118396960,1373,86.233,"2015"
2106,520651411,6520,79.855,"2015"
2107,804308579,10078,79.809,"2015"
2108,151351430,1316,115.009,"2015"
2110,928428337,6104,152.102,"2015"
2111,727359126,8875,81.956,"2015"
2112,1124538851,18068,62.24,"2015"
2113,751227024,12045,62.369,"2015"
2114,825131617,14341,57.537,"2015"
2115,308849885,5594,55.211,"2015"
2116,177128891,3427,51.687,"2015"
2117,624450590,11548,54.075,"2015"
2118,761389444,13928,54.667,"2015"
2119,609711810,7341,83.056,"2015"
2120,840974432,12652,66.47,"2015"
2121,1074386611,17252,62.277,"2015"
2122,1015133870,18850,53.854,"2015"
2125,844353174,10912,77.379,"2015"
2126,781675142,11837,66.037,"2015"
2127,493600938,7788,63.38,"2015"
2128,60423611,1186,50.948,"2015"
2130,307032827,4555,67.406,"2015"
2131,743105956,14122,52.621,"2015"
2132,375200655,6141,61.098,"2015"
2133,335037641,6093,54.988,"2015"
2134,429928963,8896,48.329,"2015"
2135,1050499627,16497,63.679,"2015"
2136,249167706,4386,56.81,"2015"
2137,1184180426,16214,73.035,"2015"
2138,649829902,11016,58.99,"2015"
2140,430020153,8727,49.275,"2015"
2141,678355990,15650,43.346,"2015"
2142,510648817,11854,43.079,"2015"
2143,192673593,4272,45.102,"2015"
2144,629972654,17158,36.716,"2015"
2145,2225890727,42042,52.945,"2015"
2146,492565212,9519,51.746,"2015"
2147,1006818796,19467,51.72,"2015"
2148,1558977027,32929,47.344,"2015"
2150,897700044,17767,50.527,"2015"
2151,647640872,11556,56.044,"2015"
2152,373193064,6431,58.031,"2015"
2153,2129676311,34435,61.847,"2015"
2154,1674180297,24487,68.371,"2015"
2155,1979228500,30106,65.742,"2015"
2156,667622579,8721,76.554,"2015"
2157,138750804,2293,60.511,"2015"
2158,507075408,5636,89.971,"2015"
2159,223024899,3298,67.625,"2015"
2160,756480072,16704,45.288,"2015"
2161,552334265,12816,43.098,"2015"
2162,364487696,8122,44.877,"2015"
2163,138678668,3434,40.385,"2015"
2164,454399589,9386,48.413,"2015"
2165,695590242,16131,43.122,"2015"
2166,946308852,22338,42.364,"2015"
2167,253545846,5034,50.367,"2015"
2168,824858331,18240,45.223,"2015"
2170,2369643973,47870,49.502,"2015"
2171,1022168828,18716,54.615,"2015"
2172,98434185,1453,67.746,"2015"
2173,484970030,8332,58.206,"2015"
2174,51148995,862,59.338,"2015"
2175,64709338,1099,58.881,"2015"
2176,1172601739,23744,49.386,"2015"
2177,346293515,7429,46.614,"2015"
2178,117977931,1999,59.019,"2015"
2179,135889615,2603,52.205,"2015"
2190,478726898,10773,44.438,"2015"
2191,163241473,3174,51.431,"2015"
2192,289634586,6496,44.587,"2015"
2193,478381792,8503,56.261,"2015"
2194,502290405,12432,40.404,"2015"
2195,429971345,11422,37.645,"2015"
2196,640127249,14598,43.851,"2015"
2197,192094874,3983,48.229,"2015"
2198,222515119,4481,49.658,"2015"
2199,349070421,7700,45.334,"2015"
2200,846380434,19273,43.916,"2015"
2203,514516130,8217,62.617,"2015"
2204,891831112,15036,59.314,"2015"
2205,522474605,10168,51.385,"2015"
2206,668584004,10883,61.434,"2015"
2207,812102629,15130,53.675,"2015"
2208,376399582,7045,53.428,"2015"
2209,433403082,8763,49.459,"2015"
2210,858839370,15995,53.695,"2015"
2211,499882372,9598,52.082,"2015"
2212,438846854,8406,52.207,"2015"
2213,685744865,12023,57.037,"2015"
2214,128983749,2350,54.887,"2015"
2216,832669369,16831,49.473,"2015"
2217,887367770,16255,54.591,"2015"
2218,464846936,9479,49.04,"2015"
2219,515342198,7806,66.019,"2015"
2220,833437647,17926,46.494,"2015"
2221,698374702,10026,69.657,"2015"
2222,396845717,7562,52.479,"2015"
2223,855369437,13101,65.291,"2015"
2224,559361049,8513,65.707,"2015"
2225,256548760,3418,75.059,"2015"
2226,501461841,7551,66.41,"2015"
2227,586145643,8888,65.948,"2015"
2228,685176852,10987,62.363,"2015"
2229,1246606952,17939,69.492,"2015"
2230,1499320989,19534,76.755,"2015"
2231,82353445,1332,61.827,"2015"
2232,1188395448,19697,60.334,"2015"
2233,1045709295,18021,58.028,"2015"
2234,1291882338,20232,63.854,"2015"
2250,1965007751,37373,52.579,"2015"
2251,974685856,18241,53.434,"2015"
2256,382571372,7722,49.544,"2015"
2257,733902056,15089,48.639,"2015"
2258,177155443,3140,56.419,"2015"
2259,1412338962,28671,49.261,"2015"
2260,869195294,14328,60.665,"2015"
2261,1458590953,29316,49.755,"2015"
2262,424147570,9341,45.408,"2015"
2263,472775024,10601,44.598,"2015"
2264,337938688,7048,47.949,"2015"
2265,140137973,2814,49.801,"2015"
2267,79779591,1525,52.315,"2015"
2278,74929474,1473,50.869,"2015"
2280,828719689,14822,55.912,"2015"
2281,377826898,7180,52.623,"2015"
2282,517300422,8712,59.378,"2015"
2283,661517170,12365,53.5,"2015"
2284,278312197,5532,50.31,"2015"
2285,843079768,16072,52.457,"2015"
2286,97245978,1992,48.819,"2015"
2287,996442817,18970,52.528,"2015"
2289,629631765,11183,56.303,"2015"
2290,1032688810,18664,55.331,"2015"
2291,669749486,8835,75.807,"2015"
2292,75030891,1392,53.902,"2015"
2293,93921739,1691,55.543,"2015"
2294,60686326,1121,54.136,"2015"
2295,178573774,3201,55.787,"2015"
2296,56462552,1077,52.426,"2015"
2297,44866503,877,51.16,"2015"
2298,227328129,4566,49.788,"2015"
2299,284161486,5551,51.192,"2015"
2300,566405105,7194,78.733,"2015"
2302,19083130,335,56.965,"2015"
2303,326441920,5193,62.862,"2015"
2304,385881399,7821,49.34,"2015"
2305,467707592,7374,63.427,"2015"
2306,34472864,899,38.346,"2015"
2307,75466893,1755,43.002,"2015"
2308,3193382,116,27.53,"2015"
2309,3709080,65,57.063,"2015"
2311,20893238,497,42.039,"2015"
2312,26658109,715,37.285,"2015"
2315,390990875,7897,49.512,"2015"
2316,153033779,3078,49.719,"2015"
2317,160161695,3354,47.753,"2015"
2318,346840652,6508,53.295,"2015"
2319,135679364,2937,46.197,"2015"
2320,1048629370,17748,59.085,"2015"
2321,447474193,7700,58.114,"2015"
2322,500320555,9549,52.396,"2015"
2323,736732537,13519,54.497,"2015"
2324,547052822,11587,47.213,"2015"
2325,640429170,12367,51.786,"2015"
2326,160550527,3262,49.219,"2015"
2327,158236699,3393,46.637,"2015"
2328,74513952,1307,57.012,"2015"
2329,47720839,1048,45.536,"2015"
2330,771636290,11302,68.275,"2015"
2333,455769312,6962,65.466,"2015"
2334,76968656,1357,56.72,"2015"
2335,210756449,3317,63.539,"2015"
2336,85724175,1398,61.32,"2015"
2337,347542781,4738,73.353,"2015"
2338,29908275,694,43.096,"2015"
2339,17180367,425,40.425,"2015"
2340,1277448976,26739,47.775,"2015"
2341,26516012,627,42.291,"2015"
2342,10827310,266,40.705,"2015"
2343,115937095,2632,44.05,"2015"
2344,17166322,434,39.554,"2015"
2345,18634520,453,41.136,"2015"
2346,56230664,1414,39.768,"2015"
2347,31116147,822,37.855,"2015"
2350,664302309,13650,48.667,"2015"
2351,3221605,80,40.271,"2015"
2352,64772793,1456,44.487,"2015"
2353,22847499,527,43.354,"2015"
2354,81820767,2183,37.481,"2015"
2355,10853498,301,36.059,"2015"
2356,1982919,71,27.929,"2015"
2357,86527472,1996,43.351,"2015"
2358,84786712,2092,40.53,"2015"
2359,11817910,359,32.919,"2015"
2360,296874064,7078,41.944,"2015"
2361,10387482,366,28.382,"2015"
2365,69129732,1940,35.634,"2015"
2369,12447430,329,37.835,"2015"
2370,135525055,3680,36.828,"2015"
2371,15222910,540,28.191,"2015"
2372,83820750,2456,34.129,"2015"
2379,8782819,204,43.054,"2015"
2380,294280039,5558,52.948,"2015"
2381,29158547,612,47.645,"2015"
2382,32640830,674,48.429,"2015"
2386,4298598,208,20.667,"2015"
2387,-1165815,132,-8.831,"2015"
2388,60086993,1448,41.497,"2015"
2390,258899786,4813,53.792,"2015"
2395,8609100,260,33.112,"2015"
2396,15726702,418,37.624,"2015"
2397,11549844,258,44.767,"2015"
2398,5802920,136,42.669,"2015"
2399,12952516,330,39.251,"2015"
2400,292535739,5512,53.073,"2015"
2401,5265563,170,30.974,"2015"
2402,35042375,887,39.507,"2015"
2403,9147342,339,26.984,"2015"
2404,28418948,857,33.161,"2015"
2405,10570551,286,36.96,"2015"
2406,18344529,451,40.676,"2015"
2408,11413194,228,50.058,"2015"
2409,15862545,287,55.271,"2015"
2410,4536369,115,39.447,"2015"
2411,2538927,66,38.469,"2015"
2415,7273663,179,40.635,"2015"
2420,88296393,2046,43.156,"2015"
2421,58496229,1065,54.927,"2015"
2422,105167630,2665,39.463,"2015"
2423,55458395,1456,38.09,"2015"
2424,6339412,201,31.54,"2015"
2425,45932307,944,48.658,"2015"
2426,11705979,306,38.255,"2015"
2427,54529948,1278,42.669,"2015"
2428,463509122,10988,42.184,"2015"
2429,177543138,4704,37.744,"2015"
2430,657738285,15516,42.391,"2015"
2431,94204764,2339,40.276,"2015"
2439,50472724,1224,41.236,"2015"
2440,382084318,9634,39.66,"2015"
2441,101941437,2475,41.189,"2015"
2443,156034748,4038,38.642,"2015"
2444,1161340357,24386,47.624,"2015"
2445,152452548,3391,44.958,"2015"
2446,287396712,6604,43.519,"2015"
2447,136419612,3540,38.537,"2015"
2448,158016154,3851,41.033,"2015"
2449,33117601,928,35.688,"2015"
2450,1117667720,23451,47.66,"2015"
2452,333921273,7659,43.599,"2015"
2453,51429559,1486,34.61,"2015"
2454,165011744,3969,41.576,"2015"
2455,65576980,1536,42.694,"2015"
2456,337211180,8224,41.004,"2015"
2460,556775258,13497,41.252,"2015"
2462,39211781,1038,37.777,"2015"
2463,138828473,3521,39.429,"2015"
2464,135854390,3409,39.852,"2015"
2465,7564771,200,37.824,"2015"
2466,22834496,653,34.969,"2015"
2469,55622545,1661,33.488,"2015"
2470,278114748,6939,40.08,"2015"
2471,40262788,1130,35.631,"2015"
2472,40821741,1028,39.71,"2015"
2473,60405030,1402,43.085,"2015"
2474,115006838,3101,37.088,"2015"
2475,5797585,178,32.571,"2015"
2476,11349381,327,34.708,"2015"
2477,296870139,6733,44.092,"2015"
2478,757769100,16043,47.234,"2015"
2479,162394726,3090,52.555,"2015"
2480,1011064712,23594,42.853,"2015"
2481,412549591,8366,49.313,"2015"
2482,147390145,3725,39.568,"2015"
2483,245569342,5952,41.259,"2015"
2484,396906192,9526,41.666,"2015"
2485,304175810,6978,43.591,"2015"
2486,723818314,16028,45.16,"2015"
2487,378923559,6916,54.79,"2015"
2488,85994424,1928,44.603,"2015"
2489,168463209,3596,46.848,"2015"
2490,17886362,369,48.473,"2015"
2500,1119136747,20608,54.306,"2015"
2502,211495771,4789,44.163,"2015"
2505,117954393,2333,50.56,"2015"
2506,166325023,3470,47.933,"2015"
2508,328359097,5301,61.943,"2015"
2515,480705585,6826,70.423,"2015"
2516,225185865,3410,66.037,"2015"
2517,428467644,7271,58.929,"2015"
2518,518600734,9870,52.544,"2015"
2519,507459167,8951,56.694,"2015"
2525,358563156,6310,56.825,"2015"
2526,493928592,8735,56.546,"2015"
2527,583980957,11439,51.052,"2015"
2528,516138798,10828,47.668,"2015"
2529,757911314,13827,54.814,"2015"
2530,829009500,16336,50.748,"2015"
2533,523264424,9391,55.72,"2015"
2534,176932521,3270,54.108,"2015"
2535,206412276,4099,50.357,"2015"
2536,377031401,8851,42.598,"2015"
2537,265127344,6256,42.38,"2015"
2538,56869295,1263,45.028,"2015"
2539,361390204,9065,39.867,"2015"
2540,949961622,20901,45.451,"2015"
2541,575630011,12498,46.058,"2015"
2545,24036057,595,40.397,"2015"
2546,182227660,4698,38.789,"2015"
2548,191990801,4425,43.388,"2015"
2549,95463348,2141,44.589,"2015"
2550,388544576,8901,43.652,"2015"
2551,80800426,1846,43.771,"2015"
2555,6613266,149,44.385,"2015"
2556,80000704,1427,56.063,"2015"
2557,217820433,3913,55.666,"2015"
2558,308246242,6214,49.606,"2015"
2559,34481631,853,40.424,"2015"
2560,1928804449,38574,50.003,"2015"
2563,8393288,162,51.811,"2015"
2564,287915062,6385,45.093,"2015"
2565,580386165,10291,56.398,"2015"
2566,679818294,13937,48.778,"2015"
2567,1265592189,21574,58.663,"2015"
2568,40874363,698,58.56,"2015"
2569,47920099,851,56.311,"2015"
2570,1275167213,21391,59.613,"2015"
2571,395942835,6606,59.937,"2015"
2572,131489381,2328,56.482,"2015"
2573,129571539,2576,50.3,"2015"
2574,163594083,3135,52.184,"2015"
2575,461140309,8540,53.998,"2015"
2576,520787041,8248,63.142,"2015"
2577,453634823,8454,53.66,"2015"
2578,66934477,1520,44.036,"2015"
2579,101933268,2139,47.655,"2015"
2580,755884580,15240,49.599,"2015"
2581,61905463,1179,52.507,"2015"
2582,429889526,7244,59.345,"2015"
2583,105811428,2490,42.495,"2015"
2584,13228934,294,44.997,"2015"
2585,8044234,144,55.863,"2015"
2586,57681672,1359,42.445,"2015"
2587,64415449,1445,44.579,"2015"
2588,12588633,206,61.11,"2015"
2590,172973884,3790,45.64,"2015"
2594,271544873,6002,45.243,"2015"
2600,565588274,5592,101.143,"2015"
2601,181544596,2792,65.024,"2015"
2602,1303424567,19096,68.257,"2015"
2603,706236866,6305,112.013,"2015"
2604,623073392,7464,83.478,"2015"
2605,594014107,7384,80.447,"2015"
2606,418067925,6119,68.323,"2015"
2607,642523502,9132,70.36,"2015"
2609,38882739,629,61.817,"2015"
2611,1115368764,16330,68.302,"2015"
2612,707928503,9728,72.773,"2015"
2614,811112276,12212,66.42,"2015"
2615,1589310139,26897,59.089,"2015"
2617,1190699581,19761,60.256,"2015"
2618,61847100,858,72.083,"2015"
2619,465040120,5937,78.33,"2015"
2620,1413520810,22991,61.482,"2015"
2621,257650347,3754,68.634,"2015"
2622,97919940,2121,46.167,"2015"
2623,17294651,341,50.718,"2015"
2624,1873425,55,34.063,"2015"
2625,8553193,211,40.537,"2015"
2626,14365703,275,52.239,"2015"
2627,130705003,2724,47.983,"2015"
2628,44188295,1037,42.612,"2015"
2629,10818378,286,37.827,"2015"
2630,235061974,4886,48.11,"2015"
2631,16502196,337,48.968,"2015"
2632,50307837,1088,46.239,"2015"
2633,9590675,219,43.794,"2015"
2640,1125362744,20515,54.856,"2015"
2641,350602068,7960,44.046,"2015"
2642,136863705,2874,47.622,"2015"
2643,62902489,1481,42.473,"2015"
2644,65856302,1352,48.711,"2015"
2645,11900690,249,47.794,"2015"
2646,180870670,3917,46.176,"2015"
2647,50633489,1156,43.801,"2015"
2648,50274393,1233,40.775,"2015"
2650,1691025393,32082,52.71,"2015"
2651,49213825,1023,48.108,"2015"
2652,131200527,2766,47.434,"2015"
2653,60658363,1307,46.411,"2015"
2655,35495762,785,45.218,"2015"
2656,32833483,695,47.243,"2015"
2658,29679994,749,39.627,"2015"
2659,22977642,526,43.684,"2015"
2660,37603448,833,45.143,"2015"
2661,7599068,131,58.009,"2015"
2663,102691350,2199,46.7,"2015"
2665,49198641,1215,40.493,"2015"
2666,129542025,2967,43.661,"2015"
2668,9632113,213,45.222,"2015"
2669,44185046,977,45.226,"2015"
2671,107795916,2204,48.91,"2015"
2672,39172315,815,48.065,"2015"
2675,45734241,962,47.541,"2015"
2680,642436999,13726,46.805,"2015"
2681,44547592,935,47.645,"2015"
2700,109846064,2527,43.469,"2015"
2701,60668807,1278,47.472,"2015"
2702,18163042,363,50.036,"2015"
2703,16971613,405,41.906,"2015"
2705,248796280,5560,44.748,"2015"
2706,26679097,626,42.619,"2015"
2707,39317877,884,44.478,"2015"
2710,262725392,5919,44.387,"2015"
2711,83078734,1921,43.248,"2015"
2712,35271114,763,46.227,"2015"
2713,64378730,1613,39.913,"2015"
2714,57136653,1407,40.609,"2015"
2715,34612489,774,44.719,"2015"
2716,31741911,695,45.672,"2015"
2717,23098462,577,40.032,"2015"
2720,218037976,4304,50.66,"2015"
2721,4604439,120,38.371,"2015"
2722,78076467,1727,45.21,"2015"
2725,6914727,152,45.492,"2015"
2726,7209567,158,45.631,"2015"
2727,10073230,215,46.853,"2015"
2729,44178768,891,49.584,"2015"
2730,31536473,786,40.123,"2015"
2731,159472123,3352,47.576,"2015"
2732,44203832,1028,43,"2015"
2733,15981661,351,45.532,"2015"
2734,3938027,91,43.276,"2015"
2735,5006734,168,29.802,"2015"
2736,8509599,216,39.397,"2015"
2737,16049535,394,40.735,"2015"
2738,41663463,818,50.934,"2015"
2739,27687992,652,42.467,"2015"
2745,1032826002,16930,61.006,"2015"
2747,1094082756,21461,50.981,"2015"
2748,88759769,1408,63.04,"2015"
2749,536575837,9564,56.104,"2015"
2750,1305563626,24321,53.681,"2015"
2752,161316874,2968,54.353,"2015"
2753,518652650,9528,54.435,"2015"
2754,163421932,3177,51.44,"2015"
2756,1085293835,19734,54.997,"2015"
2757,29483377,590,49.972,"2015"
2758,306640988,5354,57.274,"2015"
2759,838310093,15943,52.582,"2015"
2760,761228020,15918,47.822,"2015"
2761,814870484,16244,50.165,"2015"
2762,134517729,2412,55.771,"2015"
2763,961043923,17714,54.254,"2015"
2765,450711915,8247,54.652,"2015"
2766,389779401,7964,48.943,"2015"
2767,590406466,11763,50.192,"2015"
2768,918731258,15377,59.748,"2015"
2769,392610487,5921,66.309,"2015"
2770,1134273291,25651,44.22,"2015"
2773,243514205,3742,65.076,"2015"
2774,454391069,7714,58.905,"2015"
2775,39241010,760,51.633,"2015"
2776,136044328,2423,56.148,"2015"
2777,595600798,10518,56.627,"2015"
2778,78874747,1425,55.351,"2015"
2779,142623248,2769,51.508,"2015"
2780,336633970,7157,47.036,"2015"
2782,176226545,3326,52.985,"2015"
2783,71883553,1496,48.051,"2015"
2784,35857569,698,51.372,"2015"
2785,123314737,2591,47.594,"2015"
2786,32219148,646,49.875,"2015"
2787,112509833,2349,47.897,"2015"
2790,389826715,7240,53.844,"2015"
2791,8281490,173,47.87,"2015"
2792,10970079,203,54.04,"2015"
2793,21990038,439,50.092,"2015"
2794,229163071,5397,42.462,"2015"
2795,1148315556,21916,52.397,"2015"
2797,8786211,213,41.25,"2015"
2798,73314067,1213,60.441,"2015"
2799,99551977,2090,47.633,"2015"
2800,1323695984,24060,55.017,"2015"
2803,5866230,162,36.212,"2015"
2804,57631629,1339,43.041,"2015"
2805,8507491,217,39.206,"2015"
2806,21076079,461,45.719,"2015"
2807,6430016,162,39.692,"2015"
2808,2437179,65,37.496,"2015"
2809,4888573,112,43.648,"2015"
2810,70073348,1634,42.885,"2015"
2818,15418656,357,43.19,"2015"
2820,134027600,3058,43.829,"2015"
2821,112404602,2534,44.359,"2015"
2823,35220625,781,45.097,"2015"
2824,62026717,1224,50.676,"2015"
2825,75488137,1356,55.67,"2015"
2826,3781074,85,44.484,"2015"
2827,80350737,1876,42.831,"2015"
2828,14671408,369,39.76,"2015"
2829,62281291,1453,42.864,"2015"
2830,1126835043,22357,50.402,"2015"
2831,66668920,1593,41.852,"2015"
2832,38852126,1218,31.899,"2015"
2833,8689468,244,35.613,"2015"
2834,30001780,863,34.765,"2015"
2835,153896104,2258,68.156,"2015"
2836,14641672,297,49.299,"2015"
2839,19351610,462,41.887,"2015"
2840,64460187,1348,47.82,"2015"
2842,10135863,281,36.071,"2015"
2843,27985008,690,40.558,"2015"
2844,30040660,693,43.349,"2015"
2845,54257433,999,54.312,"2015"
2846,5409879,134,40.373,"2015"
2847,56024044,1055,53.104,"2015"
2848,23622908,533,44.321,"2015"
2849,30979933,776,39.923,"2015"
2850,487695152,9208,52.965,"2015"
2852,82691565,1663,49.725,"2015"
2864,22298626,487,45.788,"2015"
2865,21297646,466,45.704,"2015"
2866,75413248,1597,47.222,"2015"
2867,13445863,325,41.372,"2015"
2868,13957879,313,44.594,"2015"
2869,27208627,678,40.131,"2015"
2870,302902471,6258,48.403,"2015"
2871,218802647,4717,46.386,"2015"
2873,17932596,376,47.694,"2015"
2874,9864342,244,40.428,"2015"
2875,19585727,486,40.3,"2015"
2876,9269707,246,37.682,"2015"
2877,88350256,2003,44.109,"2015"
2878,12654005,176,71.898,"2015"
2879,13085295,246,53.193,"2015"
2880,463712349,8926,51.951,"2015"
2898,13594319,293,46.397,"2015"
2899,3112698,149,20.891,"2015"
2900,73613270,1174,62.703,"2015"
2902,578438248,9284,62.305,"2015"
2903,360246259,5949,60.556,"2015"
2904,571457490,8574,66.651,"2015"
2905,1086993571,18039,60.258,"2015"
2906,681005002,11021,61.792,"2015"
2911,180994868,2724,66.445,"2015"
2912,217283422,3703,58.678,"2015"
2913,1321628604,20718,63.792,"2015"
2914,906680289,13627,66.536,"2015"
3000,1030267424,20561,50.108,"2015"
3002,405394717,3530,114.843,"2015"
3003,187473176,3227,58.096,"2015"
3004,613644518,7084,86.625,"2015"
3006,812049706,11375,71.389,"2015"
3008,477306443,6576,72.584,"2015"
3010,5383705,57,94.451,"2015"
3011,620420153,12275,50.544,"2015"
3012,746667888,14334,52.091,"2015"
3013,580652138,8725,66.551,"2015"
3015,680595237,10152,67.041,"2015"
3016,733802646,9466,77.52,"2015"
3018,425213072,7471,56.916,"2015"
3019,160156232,3990,40.14,"2015"
3020,866931459,20676,41.93,"2015"
3021,956060326,24026,39.793,"2015"
3022,83831444,1902,44.076,"2015"
3023,1554806455,31629,49.158,"2015"
3024,554046886,11362,48.764,"2015"
3025,292352164,5712,51.183,"2015"
3026,10745405,173,62.113,"2015"
3027,196023991,3552,55.187,"2015"
3028,767302245,15915,48.213,"2015"
3029,2218270819,46542,47.662,"2015"
3030,2840326790,52501,54.101,"2015"
3031,660006298,10744,61.431,"2015"
3032,1058016444,17189,61.552,"2015"
3033,434505571,7956,54.614,"2015"
3034,322957002,6143,52.574,"2015"
3036,244827112,3954,61.919,"2015"
3037,1326272287,26798,49.492,"2015"
3038,855522649,16795,50.94,"2015"
3039,614707922,8829,69.624,"2015"
3040,1164722652,16520,70.504,"2015"
3041,480681712,7545,63.709,"2015"
3042,494587445,9046,54.675,"2015"
3043,505093972,9887,51.087,"2015"
3044,813550092,14592,55.754,"2015"
3046,795129042,16911,47.019,"2015"
3047,270870733,7202,37.611,"2015"
3048,248752738,6617,37.593,"2015"
3049,271111206,5297,51.183,"2015"
3050,3496578,53,65.974,"2015"
3051,464737198,7611,61.062,"2015"
3052,202290937,3213,62.961,"2015"
3053,395954529,7382,53.638,"2015"
3054,450050676,5839,77.077,"2015"
3055,461180052,8272,55.752,"2015"
3056,892154261,15808,56.437,"2015"
3057,412855520,7147,57.767,"2015"
3058,1030453859,19418,53.067,"2015"
3059,484785698,8756,55.367,"2015"
3060,256263984,6011,42.633,"2015"
3061,85087749,2121,40.117,"2015"
3062,8366895,103,81.232,"2015"
3063,22924139,394,58.184,"2015"
3064,1520953420,33307,45.665,"2015"
3065,446806766,6593,67.77,"2015"
3066,278373533,4643,59.956,"2015"
3067,331576232,5325,62.268,"2015"
3068,891477087,11939,74.67,"2015"
3070,998154236,15038,66.376,"2015"
3071,609989175,10771,56.633,"2015"
3072,919901785,17981,51.16,"2015"
3073,1148084817,24679,46.521,"2015"
3074,392182133,9460,41.457,"2015"
3075,414227949,9805,42.247,"2015"
3076,742187739,16421,45.198,"2015"
3078,490035866,6936,70.652,"2015"
3079,905874103,10124,89.478,"2015"
3081,303016040,6455,46.943,"2015"
3082,818586979,17091,47.896,"2015"
3083,772795112,16567,46.647,"2015"
3084,1006590486,15570,64.65,"2015"
3085,456813843,7892,57.884,"2015"
3087,271675031,5095,53.322,"2015"
3088,903946166,16426,55.032,"2015"
3089,434186181,7439,58.367,"2015"
3090,113773064,1512,75.247,"2015"
3091,94902409,1062,89.362,"2015"
3093,180594247,2450,73.712,"2015"
3094,303553697,5432,55.883,"2015"
3095,1139679985,18067,63.081,"2015"
3096,63055952,1169,53.941,"2015"
3097,71461100,931,76.758,"2015"
3099,159016774,3000,53.006,"2015"
3101,1621001636,16251,99.748,"2015"
3102,314719671,4142,75.983,"2015"
3103,823658075,10192,80.815,"2015"
3104,934047755,12966,72.039,"2015"
3105,384318585,6480,59.309,"2015"
3106,737498684,10737,68.688,"2015"
3107,445882060,7892,56.498,"2015"
3108,664538889,12392,53.627,"2015"
3109,860776023,16650,51.699,"2015"
3111,477807212,7518,63.556,"2015"
3113,372489504,5419,68.738,"2015"
3114,219494820,2509,87.483,"2015"
3115,199300296,2680,74.366,"2015"
3116,310753722,5907,52.608,"2015"
3121,1526709616,20683,73.815,"2015"
3122,1476077008,15668,94.21,"2015"
3123,803605312,8862,90.68,"2015"
3124,1311997339,14711,89.185,"2015"
3125,400602615,7538,53.145,"2015"
3126,632354893,5474,115.52,"2015"
3127,992145437,12063,82.247,"2015"
3128,555649731,10780,51.545,"2015"
3129,549300287,9597,57.237,"2015"
3130,1102826301,18824,58.587,"2015"
3131,651175754,12549,51.891,"2015"
3132,540671714,9841,54.941,"2015"
3133,716094272,13390,53.48,"2015"
3134,1096556595,19438,56.414,"2015"
3135,598194450,11276,53.051,"2015"
3136,1313320340,25468,51.568,"2015"
3137,381852395,7823,48.812,"2015"
3138,620174439,12625,49.123,"2015"
3139,409669261,8297,49.376,"2015"
3140,514543879,10011,51.398,"2015"
3141,1673367890,16967,98.625,"2015"
3142,1772493934,10198,173.808,"2015"
3143,674283820,6263,107.662,"2015"
3144,905256473,7818,115.792,"2015"
3145,1153808744,13586,84.927,"2015"
3146,1357150840,15827,85.75,"2015"
3147,575411012,8333,69.053,"2015"
3148,263935051,5108,51.671,"2015"
3149,1150188285,20280,56.716,"2015"
3150,1999039468,36133,55.325,"2015"
3151,286177187,5915,48.382,"2015"
3152,1040939769,20024,51.985,"2015"
3153,552494438,11504,48.027,"2015"
3154,134357738,2639,50.913,"2015"
3155,598561992,12588,47.551,"2015"
3156,1173427983,22349,52.505,"2015"
3158,216182694,4203,51.436,"2015"
3159,82816937,1552,53.362,"2015"
3160,280479056,5321,52.712,"2015"
3161,893654484,10040,89.01,"2015"
3162,866833634,11561,74.98,"2015"
3163,1130110011,19096,59.181,"2015"
3165,903640219,15555,58.094,"2015"
3166,722227674,13250,54.508,"2015"
3167,269453346,5309,50.755,"2015"
3168,394290833,9371,42.076,"2015"
3169,450521493,10460,43.071,"2015"
3170,567190547,11079,51.196,"2015"
3171,382092859,10491,36.422,"2015"
3172,574418769,12372,46.429,"2015"
3173,627676549,13194,47.573,"2015"
3174,748309938,18443,40.575,"2015"
3175,1017364374,24842,40.954,"2015"
3177,175773368,4508,38.992,"2015"
3178,1110664991,20903,53.135,"2015"
3179,174132988,3523,49.428,"2015"
3180,212102157,4335,48.928,"2015"
3181,977831067,13701,71.37,"2015"
3182,1075501285,16468,65.309,"2015"
3183,772085249,11854,65.133,"2015"
3184,851335159,10656,79.893,"2015"
3185,662072481,8403,78.791,"2015"
3186,1998778706,16118,124.01,"2015"
3187,828721543,9845,84.177,"2015"
3188,939499163,10730,87.559,"2015"
3189,196109799,3585,54.703,"2015"
3190,382379407,6121,62.471,"2015"
3191,551056113,6253,88.127,"2015"
3192,718759291,12827,56.035,"2015"
3193,1078255208,12961,83.193,"2015"
3194,514102046,8621,59.634,"2015"
3195,1279757501,21172,60.446,"2015"
3196,775639979,14333,54.116,"2015"
3197,423905527,7104,59.672,"2015"
3198,436118434,9007,48.42,"2015"
3199,1449417345,29638,48.905,"2015"
3200,81995113,2030,40.392,"2015"
3201,522613844,11217,46.592,"2015"
3202,93924600,1602,58.63,"2015"
3204,1157791107,18033,64.205,"2015"
3205,591499797,7350,80.477,"2015"
3206,834632092,6993,119.353,"2015"
3207,993344627,10895,91.175,"2015"
3211,44862812,792,56.645,"2015"
3212,469638547,9183,51.143,"2015"
3213,65429793,1301,50.292,"2015"
3214,381018836,9233,41.268,"2015"
3215,532724779,10911,48.825,"2015"
3216,1664121415,32123,51.805,"2015"
3217,125073850,2403,52.05,"2015"
3218,413531323,7671,53.909,"2015"
3219,465004906,10199,45.594,"2015"
3220,748249038,10865,68.868,"2015"
3221,166746846,2671,62.429,"2015"
3222,368126326,7739,47.568,"2015"
3223,159684735,3543,45.071,"2015"
3224,366709099,7479,49.032,"2015"
3225,144336870,2577,56.01,"2015"
3226,436107262,8379,52.048,"2015"
3227,183692236,2919,62.93,"2015"
3228,653295462,10906,59.903,"2015"
3230,72349416,1600,45.219,"2015"
3231,44714501,813,55,"2015"
3232,36353854,821,44.28,"2015"
3233,49621234,1319,37.621,"2015"
3234,3207348,79,40.6,"2015"
3235,9676883,233,41.532,"2015"
3236,5711462,153,37.33,"2015"
3237,3359093,124,27.09,"2015"
3238,5331242,180,29.619,"2015"
3239,10158830,252,40.313,"2015"
3240,66726798,1310,50.937,"2015"
3241,62522815,1442,43.359,"2015"
3242,22734614,576,39.47,"2015"
3243,11290586,224,50.405,"2015"
3249,93283587,2234,41.757,"2015"
3250,282682171,6518,43.37,"2015"
3251,12679587,304,41.71,"2015"
3254,7354506,179,41.087,"2015"
3260,113879708,2675,42.572,"2015"
3264,61595646,1385,44.474,"2015"
3265,64352565,1394,46.164,"2015"
3266,75314080,1768,42.599,"2015"
3267,6884084,181,38.034,"2015"
3268,80125190,1807,44.342,"2015"
3269,20465438,416,49.196,"2015"
3270,5344519,133,40.185,"2015"
3271,4819813,122,39.507,"2015"
3272,32224746,837,38.501,"2015"
3273,3582963,86,41.663,"2015"
3274,6127071,163,37.59,"2015"
3275,10957303,250,43.83,"2015"
3276,12139305,280,43.355,"2015"
3277,59835934,1134,52.766,"2015"
3278,7645121,168,45.507,"2015"
3279,7864004,176,44.682,"2015"
3280,849666270,18410,46.153,"2015"
3281,48039074,1006,47.753,"2015"
3282,69145307,1582,43.708,"2015"
3283,30707627,667,46.039,"2015"
3284,94827751,2044,46.394,"2015"
3285,34133655,724,47.146,"2015"
3286,14505471,356,40.746,"2015"
3287,10604987,272,38.989,"2015"
3289,19611322,474,41.375,"2015"
3292,3246775,100,32.468,"2015"
3293,7806786,213,36.652,"2015"
3294,22193279,589,37.68,"2015"
3300,257199591,5872,43.802,"2015"
3301,29231920,719,40.657,"2015"
3302,12493614,242,51.627,"2015"
3303,9817291,208,47.199,"2015"
3304,62373794,1438,43.376,"2015"
3305,349783855,6923,50.525,"2015"
3309,1905240,51,37.358,"2015"
3310,5448741,141,38.644,"2015"
3311,38180913,953,40.064,"2015"
3312,19628353,516,38.04,"2015"
3314,15028060,348,43.185,"2015"
3315,36119316,941,38.384,"2015"
3317,4383223,107,40.965,"2015"
3318,29145376,719,40.536,"2015"
3319,8538417,229,37.286,"2015"
3321,44187930,901,49.044,"2015"
3322,3865567,96,40.267,"2015"
3323,2609860,62,42.095,"2015"
3324,11914407,299,39.848,"2015"
3325,12499133,277,45.124,"2015"
3328,48377715,946,51.14,"2015"
3329,5632130,164,34.343,"2015"
3330,5017721,129,38.898,"2015"
3331,164879512,3277,50.315,"2015"
3332,27416520,602,45.543,"2015"
3333,23633407,481,49.134,"2015"
3334,13915810,310,44.89,"2015"
3335,120112481,2394,50.173,"2015"
3337,839497326,18047,46.518,"2015"
3338,496215319,10289,48.228,"2015"
3340,600740013,11381,52.785,"2015"
3341,50912964,937,54.337,"2015"
3342,91916407,1868,49.206,"2015"
3345,36520290,689,53.005,"2015"
3350,1642120246,32200,50.998,"2015"
3351,192957545,4406,43.795,"2015"
3352,427876988,8923,47.953,"2015"
3355,252924215,5723,44.195,"2015"
3356,308772454,7416,41.636,"2015"
3357,119064527,2230,53.393,"2015"
3360,14822753,366,40.5,"2015"
3361,12345889,359,34.39,"2015"
3363,79180309,1812,43.698,"2015"
3364,49359329,1114,44.309,"2015"
3370,31046455,815,38.094,"2015"
3371,17695787,475,37.255,"2015"
3373,42101761,1128,37.325,"2015"
3374,7090782,164,43.237,"2015"
3375,5594796,139,40.251,"2015"
3377,206017143,4823,42.716,"2015"
3378,5082487,117,43.441,"2015"
3379,18049083,394,45.81,"2015"
3380,146537004,3396,43.15,"2015"
3381,24783166,609,40.695,"2015"
3384,9769044,284,34.399,"2015"
3385,9092923,242,37.575,"2015"
3387,6586485,202,32.607,"2015"
3388,14867062,349,42.6,"2015"
3390,18531219,504,36.769,"2015"
3391,2855281,85,33.592,"2015"
3392,9823048,300,32.744,"2015"
3393,57788869,1443,40.048,"2015"
3395,8586403,252,34.074,"2015"
3396,16849251,409,41.197,"2015"
3400,361838940,8141,44.447,"2015"
3401,104343664,2584,40.381,"2015"
3407,10901880,275,39.644,"2015"
3409,23392439,601,38.923,"2015"
3412,8150051,177,46.046,"2015"
3413,4314676,139,31.041,"2015"
3414,40115868,876,45.795,"2015"
3418,71971790,1690,42.587,"2015"
3419,24272781,586,41.422,"2015"
3420,5959786,139,42.877,"2015"
3423,7664998,188,40.772,"2015"
3424,17551170,413,42.497,"2015"
3427,73512359,1428,51.48,"2015"
3428,20104484,394,51.027,"2015"
3429,1093525405,20850,52.448,"2015"
3430,11816134,172,68.699,"2015"
3431,131225953,2402,54.632,"2015"
3432,5452503,105,51.929,"2015"
3433,8806009,134,65.717,"2015"
3434,152885934,2743,55.737,"2015"
3435,79141653,1606,49.279,"2015"
3437,367651906,6155,59.733,"2015"
3438,75602743,1257,60.146,"2015"
3440,76512029,1184,64.622,"2015"
3441,67013316,841,79.683,"2015"
3442,254109210,4235,60.003,"2015"
3444,252272178,5217,48.356,"2015"
3446,24894159,562,44.296,"2015"
3447,11040139,257,42.958,"2015"
3448,22553153,515,43.793,"2015"
3450,170834289,3990,42.816,"2015"
3451,101800141,2399,42.435,"2015"
3453,45218412,1006,44.949,"2015"
3458,52834280,1074,49.194,"2015"
3460,73337737,1639,44.746,"2015"
3461,91088855,2118,43.008,"2015"
3462,26093904,633,41.223,"2015"
3463,52225316,1270,41.123,"2015"
3464,20566892,547,37.6,"2015"
3465,164685701,4300,38.3,"2015"
3467,22493784,599,37.553,"2015"
3468,4652368,146,31.866,"2015"
3469,5311058,142,37.402,"2015"
3472,20902109,599,34.896,"2015"
3475,4893189,169,28.954,"2015"
3477,13774335,392,35.139,"2015"
3478,53929718,1383,38.995,"2015"
3480,37824268,1023,36.974,"2015"
3482,2625562,106,24.77,"2015"
3483,18284435,539,33.923,"2015"
3485,5797436,170,34.103,"2015"
3487,2227894,50,44.558,"2015"
3488,3136824,73,42.971,"2015"
3490,26747914,697,38.376,"2015"
3491,2793303,71,39.343,"2015"
3494,11055322,299,36.975,"2015"
3496,136639558,3454,39.56,"2015"
3498,113656059,2502,45.427,"2015"
3500,662536564,15007,44.149,"2015"
3501,97674437,2135,45.75,"2015"
3505,97818428,2415,40.505,"2015"
3507,4298814,83,51.793,"2015"
3509,6132122,159,38.567,"2015"
3512,8353947,212,39.406,"2015"
3515,47019520,1038,45.299,"2015"
3516,15086031,365,41.332,"2015"
3517,25404544,643,39.51,"2015"
3518,20299713,604,33.609,"2015"
3521,14844698,326,45.536,"2015"
3522,7190609,165,43.58,"2015"
3523,64589120,1560,41.404,"2015"
3525,23793680,763,31.185,"2015"
3527,10090825,426,23.688,"2015"
3529,2089526,89,23.478,"2015"
3530,3027654,70,43.253,"2015"
3531,4498262,120,37.486,"2015"
3533,18287619,419,43.646,"2015"
3537,24901433,620,40.164,"2015"
3540,6579649,172,38.254,"2015"
3542,3911538,116,33.721,"2015"
3544,5259011,131,40.146,"2015"
3546,11258376,264,42.646,"2015"
3549,76639168,1914,40.042,"2015"
3550,1058863146,21660,48.886,"2015"
3551,854815484,16652,51.335,"2015"
3555,445152442,10000,44.516,"2015"
3556,259714807,6258,41.502,"2015"
3557,18172525,416,43.684,"2015"
3558,21138809,506,41.777,"2015"
3559,13280302,297,44.715,"2015"
3561,109632360,2480,44.207,"2015"
3562,6432908,162,39.71,"2015"
3563,15801520,437,36.16,"2015"
3564,427233766,9269,46.093,"2015"
3566,12139504,305,39.802,"2015"
3567,15501549,387,40.056,"2015"
3568,64059258,1543,41.517,"2015"
3570,17007297,389,43.721,"2015"
3571,6393011,196,32.618,"2015"
3572,7266219,151,48.121,"2015"
3573,8046792,210,38.319,"2015"
3575,16642205,441,37.738,"2015"
3579,110583796,2937,37.652,"2015"
3580,19483364,526,37.041,"2015"
3581,3882980,115,33.766,"2015"
3583,2639601,88,29.996,"2015"
3584,23328948,575,40.573,"2015"
3585,301894521,6891,43.81,"2015"
3586,8938413,240,37.244,"2015"
3588,6805950,189,36.011,"2015"
3589,7455512,174,42.848,"2015"
3590,6914451,191,36.202,"2015"
3591,4248851,101,42.068,"2015"
3594,12308311,355,34.672,"2015"
3595,10619745,299,35.518,"2015"
3596,4248087,70,60.687,"2015"
3597,10725942,235,45.643,"2015"
3599,2973637,64,46.464,"2015"
3608,60475353,1304,46.377,"2015"
3610,31587791,762,41.454,"2015"
3612,31592847,790,39.991,"2015"
3614,26984049,553,48.796,"2015"
3616,132338120,3027,43.72,"2015"
3617,3213723,91,35.316,"2015"
3618,14109695,400,35.275,"2015"
3620,179213085,4331,41.38,"2015"
3621,46490800,1241,37.463,"2015"
3622,8734528,233,37.488,"2015"
3623,20026139,546,36.678,"2015"
3624,10128430,283,35.79,"2015"
3629,191123841,4859,39.334,"2015"
3630,730916123,16588,44.063,"2015"
3631,310929299,6460,48.132,"2015"
3633,18045102,420,42.965,"2015"
3634,44144562,1128,39.136,"2015"
3635,10256566,287,35.738,"2015"
3636,120827794,2852,42.366,"2015"
3637,10618168,308,34.475,"2015"
3638,47130364,1127,41.82,"2015"
3639,11094120,308,36.02,"2015"
3640,22813954,589,38.734,"2015"
3641,28024196,671,41.765,"2015"
3644,200715883,4648,43.184,"2015"
3646,14084119,351,40.126,"2015"
3649,9743107,262,37.188,"2015"
3658,151094870,3181,47.5,"2015"
3659,19934796,389,51.247,"2015"
3660,164702902,3736,44.086,"2015"
3662,28016216,468,59.864,"2015"
3663,3678524,92,39.984,"2015"
3664,26144683,609,42.931,"2015"
3665,8246066,205,40.225,"2015"
3666,105655147,2619,40.342,"2015"
3669,28546468,739,38.629,"2015"
3670,13693422,325,42.134,"2015"
3672,225825930,5316,42.481,"2015"
3673,41866112,1082,38.694,"2015"
3675,47010050,1115,42.162,"2015"
3677,433434368,9603,45.136,"2015"
3678,178544601,3868,46.16,"2015"
3682,16321553,344,47.447,"2015"
3683,43961544,975,45.089,"2015"
3685,78909167,1630,48.411,"2015"
3687,27584445,576,47.89,"2015"
3688,36986333,772,47.91,"2015"
3690,876173341,18188,48.174,"2015"
3691,281635694,5435,51.819,"2015"
3694,7179180,156,46.021,"2015"
3695,13462512,321,41.94,"2015"
3697,12555574,301,41.713,"2015"
3698,21879487,493,44.381,"2015"
3699,25362458,653,38.84,"2015"
3700,34264982,814,42.095,"2015"
3701,25583950,613,41.736,"2015"
3705,6877333,162,42.453,"2015"
3707,40922419,973,42.058,"2015"
3709,7040621,197,35.74,"2015"
3711,11599943,294,39.456,"2015"
3712,8645556,207,41.766,"2015"
3713,16073667,439,36.615,"2015"
3714,83952229,1974,42.529,"2015"
3715,4495691,157,28.635,"2015"
3717,66620121,1555,42.843,"2015"
3718,1809712,58,31.202,"2015"
3719,9403558,258,36.448,"2015"
3720,11585418,305,37.985,"2015"
3722,124624832,2939,42.404,"2015"
3723,57409092,1451,39.566,"2015"
3725,15863839,386,41.099,"2015"
3726,7694489,221,34.817,"2015"
3727,6741911,202,33.376,"2015"
3728,11872745,293,40.522,"2015"
3730,194506331,4531,42.928,"2015"
3732,13835433,357,38.755,"2015"
3733,5129313,131,39.156,"2015"
3735,16667127,417,39.97,"2015"
3737,103841418,2488,41.737,"2015"
3738,4080112,98,41.634,"2015"
3739,4510914,116,38.888,"2015"
3740,23783187,591,40.243,"2015"
3741,75731898,1859,40.738,"2015"
3744,10764146,247,43.58,"2015"
3746,9225128,200,46.126,"2015"
3747,117495994,2601,45.174,"2015"
3749,58333837,1164,50.115,"2015"
3750,179517595,3685,48.716,"2015"
3751,6560069,139,47.195,"2015"
3752,653396404,12940,50.495,"2015"
3753,57621400,1078,53.453,"2015"
3754,950488340,18002,52.8,"2015"
3755,6666233,167,39.918,"2015"
3756,314749817,6195,50.808,"2015"
3757,243485097,4806,50.663,"2015"
3758,65074035,1281,50.8,"2015"
3759,38314675,656,58.407,"2015"
3760,14740932,274,53.8,"2015"
3761,35329245,698,50.615,"2015"
3762,4622575,97,47.656,"2015"
3763,40411403,902,44.802,"2015"
3764,227949952,4480,50.882,"2015"
3765,222285426,4059,54.764,"2015"
3766,38243691,764,50.058,"2015"
3767,34175821,674,50.706,"2015"
3770,122829805,1891,64.955,"2015"
3775,123238288,2335,52.779,"2015"
3777,270411038,5810,46.543,"2015"
3778,4237005,125,33.897,"2015"
3779,7103584,233,30.488,"2015"
3781,124624066,2429,51.307,"2015"
3782,253643520,4818,52.645,"2015"
3783,65792590,1297,50.727,"2015"
3786,58309564,949,61.444,"2015"
3787,36557194,661,55.306,"2015"
3788,69075934,1082,63.841,"2015"
3789,10332022,159,64.982,"2015"
3791,49559369,918,53.987,"2015"
3792,41573277,688,60.427,"2015"
3793,94816056,2051,46.23,"2015"
3795,43666444,883,49.453,"2015"
3796,272335181,5602,48.614,"2015"
3797,79826868,1832,43.574,"2015"
3799,117789444,2868,41.071,"2015"
3800,3288402,82,40.103,"2015"
3802,613924001,13337,46.032,"2015"
3803,237511011,5416,43.854,"2015"
3804,305052291,5110,59.698,"2015"
3805,1433067968,29996,47.776,"2015"
3806,1528447707,27244,56.103,"2015"
3807,249547217,4268,58.47,"2015"
3808,121784837,1896,64.233,"2015"
3809,176062717,3395,51.86,"2015"
3810,1132846013,23803,47.593,"2015"
3812,72754367,1495,48.666,"2015"
3813,24544027,510,48.126,"2015"
3814,59052606,1249,47.28,"2015"
3815,78460693,1605,48.886,"2015"
3816,63212898,1439,43.929,"2015"
3818,315323878,7135,44.194,"2015"
3820,440639327,9001,48.955,"2015"
3821,75661849,1570,48.193,"2015"
3822,27009487,548,49.288,"2015"
3823,50009933,1035,48.319,"2015"
3824,137454022,2682,51.251,"2015"
3825,485740632,9791,49.611,"2015"
3831,43109007,940,45.861,"2015"
3832,5160449,125,41.284,"2015"
3833,5699180,152,37.495,"2015"
3835,16199984,357,45.379,"2015"
3840,384983666,7650,50.325,"2015"
3842,109251828,2153,50.744,"2015"
3844,921106727,15942,57.779,"2015"
3847,53344115,1107,48.188,"2015"
3850,446797921,8136,54.917,"2015"
3851,119049966,2339,50.898,"2015"
3854,52498637,879,59.726,"2015"
3856,33467044,569,58.818,"2015"
3857,9861756,224,44.026,"2015"
3858,75043501,1611,46.582,"2015"
3859,20311010,450,45.136,"2015"
3860,194400631,3993,48.686,"2015"
3862,86077993,1739,49.499,"2015"
3864,4015026,105,38.239,"2015"
3865,12816402,287,44.657,"2015"
3869,58201205,1038,56.071,"2015"
3870,30541997,672,45.45,"2015"
3871,70030621,1538,45.534,"2015"
3873,9559058,203,47.089,"2015"
3874,32714534,344,95.101,"2015"
3875,432237056,9826,43.99,"2015"
3878,26700256,586,45.564,"2015"
3880,79761264,1932,41.285,"2015"
3882,24813363,584,42.489,"2015"
3885,41103549,1018,40.377,"2015"
3886,8277109,189,43.795,"2015"
3887,5209737,160,32.561,"2015"
3888,71550516,1679,42.615,"2015"
3889,2078123,84,24.74,"2015"
3890,7952683,176,45.186,"2015"
3891,3498682,73,47.928,"2015"
3892,22419837,571,39.265,"2015"
3895,4191724,121,34.643,"2015"
3896,9656606,222,43.499,"2015"
3898,14749323,399,36.966,"2015"
3900,3543911,100,35.44,"2015"
3902,9599381,228,42.103,"2015"
3903,17809927,402,44.304,"2015"
3904,33009687,784,42.105,"2015"
3909,159728076,3886,41.104,"2015"
3910,684400776,13507,50.671,"2015"
3911,100745507,2019,49.899,"2015"
3912,442590602,8985,49.259,"2015"
3913,110533395,2103,52.56,"2015"
3915,207718214,4522,45.936,"2015"
3916,41557632,634,65.549,"2015"
3918,111087364,2243,49.527,"2015"
3919,70944526,1621,43.766,"2015"
3920,19759508,433,45.634,"2015"
3921,1725505,62,27.831,"2015"
3922,165109144,4006,41.216,"2015"
3923,13877339,327,42.439,"2015"
3925,83652880,1879,44.52,"2015"
3926,117640600,2071,56.804,"2015"
3927,54886593,993,55.274,"2015"
3928,29550261,339,87.169,"2015"
3929,46957286,616,76.23,"2015"
3930,818409163,11152,73.387,"2015"
3931,719580509,13520,53.224,"2015"
3933,41422021,708,58.506,"2015"
3934,660029426,10851,60.827,"2015"
3936,300182903,6011,49.939,"2015"
3937,72030551,1124,64.085,"2015"
3938,87001637,1794,48.496,"2015"
3939,322309078,7386,43.638,"2015"
3940,82040622,2010,40.817,"2015"
3941,284611223,6554,43.426,"2015"
3942,66653701,1358,49.083,"2015"
3943,82466194,1060,77.799,"2015"
3944,68464506,437,156.67,"2015"
3945,25683750,582,44.131,"2015"
3946,6668127,166,40.17,"2015"
3950,107405380,2456,43.732,"2015"
3951,24284702,581,41.799,"2015"
3953,202814497,4447,45.608,"2015"
3954,11788402,225,52.393,"2015"
3956,56096467,1341,41.832,"2015"
3957,7398073,181,40.874,"2015"
3958,6721442,164,40.985,"2015"
3959,28466359,692,41.137,"2015"
3960,62119520,1467,42.345,"2015"
3962,18493344,499,37.061,"2015"
3964,4064814,93,43.708,"2015"
3965,2788732,82,34.009,"2015"
3966,13301302,304,43.755,"2015"
3967,3247044,73,44.481,"2015"
3971,90900887,2097,43.349,"2015"
3975,392632965,7916,49.6,"2015"
3976,524175279,12349,42.447,"2015"
3977,2228193590,46397,48.025,"2015"
3978,228030166,4449,51.255,"2015"
3979,7848814,202,38.856,"2015"
3980,89858651,1848,48.625,"2015"
3981,117425105,2501,46.952,"2015"
3984,102967215,2400,42.904,"2015"
3987,36357486,819,44.393,"2015"
3988,30819055,672,45.862,"2015"
3990,3476650,91,38.205,"2015"
3991,6906402,204,33.855,"2015"
3992,15523991,401,38.714,"2015"
3995,200948604,4977,40.376,"2015"
3996,132753812,2900,45.778,"2015"
4000,754404853,11990,62.92,"2015"
4005,1103877904,12006,91.944,"2015"
4006,738996656,9711,76.099,"2015"
4007,869436454,8415,103.32,"2015"
4008,16027021,251,63.853,"2015"
4009,11269128,107,105.319,"2015"
4010,116600050,1822,63.996,"2015"
4011,872454113,10147,85.982,"2015"
4012,890055776,13664,65.139,"2015"
4013,184488203,3014,61.211,"2015"
4014,409413081,7240,56.549,"2015"
4017,1166519617,21132,55.202,"2015"
4018,333809128,6539,51.049,"2015"
4019,544728223,10615,51.317,"2015"
4020,674903519,12296,54.889,"2015"
4021,221051851,4842,45.654,"2015"
4022,151663582,3295,46.029,"2015"
4025,4592309,108,42.522,"2015"
4029,8286278,94,88.152,"2015"
4030,678436366,9865,68.773,"2015"
4031,528612216,8043,65.724,"2015"
4032,482819836,9156,52.733,"2015"
4034,1442799393,26573,54.296,"2015"
4035,994486709,15385,64.641,"2015"
4036,194668123,3855,50.498,"2015"
4037,308533108,4920,62.71,"2015"
4051,1279784663,17432,73.416,"2015"
4053,1569762291,26561,59.101,"2015"
4054,447103477,8409,53.17,"2015"
4055,761307751,12496,60.925,"2015"
4059,493198297,7377,66.857,"2015"
4060,673970979,8241,81.783,"2015"
4061,706498311,10308,68.539,"2015"
4064,693572172,7562,91.719,"2015"
4065,527908391,5903,89.431,"2015"
4066,772145904,11053,69.859,"2015"
4067,390029573,5001,77.991,"2015"
4068,1148192198,14713,78.04,"2015"
4069,1840922354,21659,84.996,"2015"
4070,442643131,6931,63.865,"2015"
4073,384064987,5516,69.628,"2015"
4074,910270236,15409,59.074,"2015"
4075,1066202133,13882,76.805,"2015"
4076,118538565,2635,44.987,"2015"
4077,546748041,12869,42.486,"2015"
4078,734406411,13966,52.586,"2015"
4101,943272705,14078,67.004,"2015"
4102,225733207,4246,53.164,"2015"
4103,498641979,8723,57.165,"2015"
4104,298817430,4012,74.481,"2015"
4105,498940592,8166,61.1,"2015"
4106,45713780,936,48.84,"2015"
4107,192466113,3822,50.358,"2015"
4108,148562305,3215,46.21,"2015"
4109,1021601299,22735,44.936,"2015"
4110,253942120,5367,47.316,"2015"
4111,29274272,644,45.457,"2015"
4112,225511677,4336,52.01,"2015"
4113,846118318,18247,46.371,"2015"
4114,459058213,11603,39.564,"2015"
4115,590822337,11340,52.101,"2015"
4116,723652411,14814,48.85,"2015"
4117,37284921,769,48.485,"2015"
4118,827239165,17128,48.298,"2015"
4119,195510986,3780,51.723,"2015"
4120,352985854,6006,58.773,"2015"
4121,1017895632,15072,67.536,"2015"
4122,1418252379,26855,52.812,"2015"
4123,574530618,10616,54.12,"2015"
4124,531618717,10274,51.745,"2015"
4125,192048224,3898,49.269,"2015"
4127,741876045,14741,50.328,"2015"
4128,537445042,9927,54.14,"2015"
4129,194952135,3930,49.607,"2015"
4130,293261956,5265,55.701,"2015"
4131,217374535,4913,44.245,"2015"
4132,518477422,11824,43.85,"2015"
4133,401474872,8564,46.88,"2015"
4151,757828940,11079,68.403,"2015"
4152,1889567296,28124,67.188,"2015"
4153,183411116,2750,66.695,"2015"
4154,467722444,6338,73.797,"2015"
4155,93603243,980,95.514,"2015"
4156,146878987,2019,72.749,"2015"
4157,610062968,11515,52.98,"2015"
4158,114925024,2133,53.88,"2015"
4159,479539081,8517,56.304,"2015"
4160,689092667,11148,61.814,"2015"
4161,484866040,9539,50.83,"2015"
4163,579852252,9219,62.898,"2015"
4164,496383119,8289,59.885,"2015"
4165,1161455685,20854,55.695,"2015"
4169,673665838,9318,72.298,"2015"
4170,1088362926,15565,69.924,"2015"
4171,1007984034,10335,97.532,"2015"
4172,168022946,2711,61.979,"2015"
4173,274177774,5028,54.531,"2015"
4174,86033004,1590,54.109,"2015"
4178,817518565,14320,57.09,"2015"
4179,714484949,11235,63.595,"2015"
4183,57452710,1213,47.365,"2015"
4184,96702870,2470,39.151,"2015"
4205,100385480,2251,44.596,"2015"
4207,1310265987,27352,47.904,"2015"
4208,569749017,10670,53.398,"2015"
4209,1221119537,23672,51.585,"2015"
4210,580124874,11104,52.245,"2015"
4211,1690955184,34522,48.982,"2015"
4212,1051038810,16435,63.952,"2015"
4213,914067998,16953,53.918,"2015"
4214,1058879814,21632,48.95,"2015"
4215,1173539658,26344,44.547,"2015"
4216,1191483346,21184,56.245,"2015"
4217,1460625925,26040,56.092,"2015"
4218,1185740198,20853,56.862,"2015"
4219,12482129,243,51.367,"2015"
4220,1022877445,19396,52.737,"2015"
4221,790892772,15556,50.842,"2015"
4223,445232716,8449,52.697,"2015"
4224,203484273,3885,52.377,"2015"
4225,231572391,4641,49.898,"2015"
4226,982731791,19859,49.486,"2015"
4227,579804881,11505,50.396,"2015"
4228,179051256,3287,54.473,"2015"
4230,13768493,341,40.377,"2015"
4270,115544056,2223,51.977,"2015"
4271,51347713,1090,47.108,"2015"
4272,151739291,3093,49.059,"2015"
4275,91942555,1968,46.719,"2015"
4280,456349775,8854,51.542,"2015"
4285,475142776,9770,48.633,"2015"
4287,14235036,358,39.763,"2015"
4300,1511681921,28639,52.785,"2015"
4301,605763324,13127,46.147,"2015"
4303,61369220,1439,42.648,"2015"
4304,357418731,7820,45.706,"2015"
4305,1511725844,30882,48.952,"2015"
4306,1032435562,18918,54.575,"2015"
4307,39277557,886,44.332,"2015"
4309,68940330,1585,43.496,"2015"
4310,128212424,3114,41.173,"2015"
4311,202361549,4603,43.963,"2015"
4312,50922304,1202,42.365,"2015"
4313,36446334,984,37.039,"2015"
4340,117601334,2662,44.178,"2015"
4341,308629119,6736,45.818,"2015"
4342,55216190,1275,43.307,"2015"
4343,252473753,6471,39.017,"2015"
4344,57603615,1311,43.939,"2015"
4346,23390880,477,49.038,"2015"
4347,28402455,657,43.231,"2015"
4350,3028745610,58271,51.977,"2015"
4352,838723512,16165,51.886,"2015"
4353,9514251,262,36.314,"2015"
4354,25921229,586,44.235,"2015"
4355,46200143,1256,36.784,"2015"
4356,124971246,2850,43.85,"2015"
4357,62187712,1491,41.709,"2015"
4358,55431523,1193,46.464,"2015"
4359,28846891,689,41.868,"2015"
4360,15966851,422,37.837,"2015"
4361,49695777,1348,36.867,"2015"
4362,50124898,1305,38.41,"2015"
4363,19839790,426,46.573,"2015"
4364,11384884,204,55.809,"2015"
4365,6872350,200,34.362,"2015"
4370,387747730,9562,40.551,"2015"
4371,15484645,442,35.034,"2015"
4372,2816348,81,34.77,"2015"
4373,20591741,567,36.318,"2015"
4374,7941443,214,37.11,"2015"
4375,4461845,129,34.588,"2015"
4376,5510279,178,30.957,"2015"
4377,11240065,351,32.023,"2015"
4378,4969747,171,29.063,"2015"
4380,163380535,4561,35.822,"2015"
4381,9976432,283,35.253,"2015"
4382,11598017,334,34.725,"2015"
4383,13089873,411,31.849,"2015"
4385,22605204,617,36.638,"2015"
4387,25435283,691,36.81,"2015"
4388,6609882,213,31.033,"2015"
4390,197900878,4286,46.174,"2015"
4400,53211660,1025,51.914,"2015"
4401,134342187,3012,44.603,"2015"
4402,4620619,122,37.874,"2015"
4403,18832177,442,42.607,"2015"
4404,13931228,320,43.536,"2015"
4405,407640384,8004,50.93,"2015"
4406,23875902,609,39.206,"2015"
4407,13870778,334,41.53,"2015"
4408,13039015,405,32.196,"2015"
4410,26315718,718,36.652,"2015"
4411,9064629,187,48.474,"2015"
4412,5317941,148,35.933,"2015"
4413,232212820,4217,55.066,"2015"
4415,47950346,1039,46.151,"2015"
4416,12654223,317,39.919,"2015"
4417,15207301,363,41.894,"2015"
4418,1820505,64,28.446,"2015"
4419,18651923,540,34.541,"2015"
4420,30854766,783,39.406,"2015"
4421,41790713,996,41.959,"2015"
4422,10523121,289,36.413,"2015"
4423,2158307,128,16.862,"2015"
4424,2450083,114,21.492,"2015"
4425,4205508,156,26.959,"2015"
4426,1403309,60,23.389,"2015"
4427,5418961,179,30.274,"2015"
4428,16355471,440,37.172,"2015"
4454,18661849,497,37.549,"2015"
4455,281380906,5312,52.971,"2015"
4462,1192278,51,23.378,"2015"
4465,27453857,775,35.425,"2015"
4467,2055302,103,19.955,"2015"
4468,6119069,208,29.419,"2015"
4470,89930491,2053,43.805,"2015"
4472,32880267,793,41.464,"2015"
4477,9674492,298,32.465,"2015"
4478,10916354,294,37.131,"2015"
4480,23057319,510,45.211,"2015"
4481,3992689,69,57.866,"2015"
4482,4065729,73,55.695,"2015"
4486,14362134,412,34.86,"2015"
4487,84490440,1885,44.823,"2015"
4488,5206931,150,34.713,"2015"
4489,1001074,54,18.539,"2015"
4490,26424482,711,37.166,"2015"
4491,1906639,52,36.667,"2015"
4492,8577629,157,54.635,"2015"
4494,2648025,81,32.692,"2015"
4496,7750796,187,41.449,"2015"
4497,6370694,201,31.695,"2015"
4498,4278710,122,35.072,"2015"
4500,1293608876,24096,53.686,"2015"
4501,143299141,3023,47.403,"2015"
4502,264174640,5115,51.648,"2015"
4503,1175587988,22747,51.682,"2015"
4504,539576095,10010,53.904,"2015"
4505,539918214,10776,50.104,"2015"
4506,528359711,11570,45.667,"2015"
4507,382074591,8361,45.698,"2015"
4508,398179289,8900,44.74,"2015"
4509,878974736,15293,57.476,"2015"
4510,1009395279,22458,44.946,"2015"
4511,192468333,4206,45.761,"2015"
4512,103070462,2108,48.895,"2015"
4514,159958328,3371,47.452,"2015"
4515,94194112,2116,44.516,"2015"
4516,115309251,2372,48.613,"2015"
4517,21225207,411,51.643,"2015"
4518,129478006,2764,46.845,"2015"
4519,257684166,4322,59.622,"2015"
4520,586596701,8021,73.133,"2015"
4521,158301453,2718,58.242,"2015"
4550,106245237,2339,45.424,"2015"
4551,1486880275,29837,49.834,"2015"
4552,215036483,4938,43.548,"2015"
4553,170763733,3374,50.612,"2015"
4554,60805085,1157,52.555,"2015"
4555,196042134,3997,49.048,"2015"
4556,1332407186,24777,53.776,"2015"
4557,580707420,11370,51.074,"2015"
4558,557827615,11775,47.374,"2015"
4559,176028715,3570,49.308,"2015"
4560,769918866,16680,46.159,"2015"
4561,204617535,4267,47.954,"2015"
4562,227471995,4765,47.739,"2015"
4563,233340801,4835,48.261,"2015"
4564,310329318,6435,48.226,"2015"
4565,346671776,7847,44.179,"2015"
4566,273105813,5290,51.627,"2015"
4567,415703944,7735,53.744,"2015"
4568,94390779,2059,45.844,"2015"
4569,36541995,856,42.69,"2015"
4570,846774621,19953,42.439,"2015"
4571,15864106,404,39.268,"2015"
4572,146655172,2504,58.569,"2015"
4573,769343212,14694,52.358,"2015"
4574,27994337,668,41.908,"2015"
4575,805386435,14350,56.125,"2015"
4580,66735424,1760,37.918,"2015"
4581,26529286,702,37.792,"2015"
4600,15214328,379,40.144,"2015"
4601,16236186,574,28.287,"2015"
4605,66973678,1833,36.538,"2015"
4606,44676025,1149,38.883,"2015"
4608,16826295,426,39.499,"2015"
4610,330065827,7288,45.289,"2015"
4611,1843199,68,27.106,"2015"
4612,4636768,160,28.98,"2015"
4613,9983586,322,31.005,"2015"
4614,18240541,461,39.568,"2015"
4615,116722053,2899,40.263,"2015"
4620,7274589,210,34.641,"2015"
4621,27009696,779,34.673,"2015"
4625,59730412,1707,34.992,"2015"
4626,39834445,1285,31,"2015"
4627,14132046,372,37.99,"2015"
4630,48677577,1329,36.628,"2015"
4650,656372585,14852,44.195,"2015"
4655,1198316443,26770,44.764,"2015"
4659,74700158,1831,40.798,"2015"
4660,139532976,3527,39.562,"2015"
4662,11439751,293,39.044,"2015"
4670,1808306920,39372,45.929,"2015"
4671,102610268,2660,38.576,"2015"
4673,12977904,361,35.95,"2015"
4674,27804002,621,44.773,"2015"
4676,3678376,101,36.42,"2015"
4677,99487570,1887,52.723,"2015"
4678,28881416,492,58.703,"2015"
4680,2667078205,32535,81.976,"2015"
4694,10719970,167,64.192,"2015"
4695,38077414,582,65.426,"2015"
4697,4293733,92,46.672,"2015"
4699,10839656,225,48.177,"2015"
4700,543766591,9026,60.245,"2015"
4701,1283446434,23180,55.369,"2015"
4702,815029017,14974,54.43,"2015"
4703,731198167,12253,59.676,"2015"
4704,4268700,91,46.909,"2015"
4705,10696000,249,42.956,"2015"
4707,6212371,135,46.018,"2015"
4709,54851503,538,101.955,"2015"
4710,126998216,2301,55.193,"2015"
4711,64448348,1007,64.001,"2015"
4712,13387298,235,56.968,"2015"
4713,8157320,200,40.787,"2015"
4714,52542015,1063,49.429,"2015"
4715,264093307,4264,61.936,"2015"
4716,26172297,502,52.137,"2015"
4717,215749430,2544,84.808,"2015"
4718,79920474,1319,60.592,"2015"
4719,26724868,624,42.829,"2015"
4720,593015496,8746,67.805,"2015"
4721,125603263,2050,61.27,"2015"
4722,59049988,1109,53.247,"2015"
4723,51605155,870,59.317,"2015"
4724,16793901,417,40.274,"2015"
4725,42483611,880,48.277,"2015"
4726,6470931,226,28.633,"2015"
4727,5740239,176,32.615,"2015"
4728,5950534,115,51.744,"2015"
4730,97352586,2086,46.67,"2015"
4731,3819237,104,36.724,"2015"
4732,1948788,91,21.416,"2015"
4735,28081312,719,39.057,"2015"
4736,2888672,67,43.115,"2015"
4737,281331070,4682,60.088,"2015"
4738,33391738,629,53.088,"2015"
4739,9784197,185,52.888,"2015"
4740,3084678276,48330,63.826,"2015"
4741,236954892,3931,60.279,"2015"
4742,32674471,578,56.531,"2015"
4743,30573237,363,84.224,"2015"
4744,435244099,4731,91.999,"2015"
4745,111388743,1313,84.836,"2015"
4746,93162418,1013,91.967,"2015"
4750,192571814,2941,65.479,"2015"
4751,176890148,2781,63.607,"2015"
4753,159623209,2355,67.781,"2015"
4754,77820226,1276,60.988,"2015"
4756,17279217,372,46.45,"2015"
4757,8314004,164,50.696,"2015"
4798,26514346,497,53.349,"2015"
4799,27531937,559,49.253,"2015"
4800,257363192,5005,51.422,"2015"
4801,7771538,232,33.499,"2015"
4802,348038995,6762,51.47,"2015"
4803,39706629,930,42.696,"2015"
4804,53463686,939,56.937,"2015"
4805,314087593,6459,48.628,"2015"
4806,107226963,2217,48.366,"2015"
4807,334181829,6763,49.414,"2015"
4808,30533077,636,48.008,"2015"
4809,24097132,528,45.639,"2015"
4810,887883940,13789,64.391,"2015"
4811,406326763,7040,57.717,"2015"
4812,584308523,10602,55.114,"2015"
4813,39665428,750,52.888,"2015"
4814,1408417621,25065,56.191,"2015"
4815,527800873,10454,50.488,"2015"
4816,217566407,4420,49.224,"2015"
4817,966801534,17526,55.164,"2015"
4818,898584230,15622,57.521,"2015"
4819,55926512,1283,43.591,"2015"
4820,257904778,5239,49.228,"2015"
4821,35746556,816,43.808,"2015"
4822,18357170,506,36.279,"2015"
4823,19517186,527,37.035,"2015"
4824,101113158,1571,64.363,"2015"
4825,857903882,11687,73.407,"2015"
4828,4376237,92,47.568,"2015"
4829,13705298,269,50.95,"2015"
4830,21973523,520,42.257,"2015"
4849,30925992,776,39.854,"2015"
4850,278532623,6027,46.215,"2015"
4852,89518560,2057,43.519,"2015"
4854,146229930,3754,38.954,"2015"
4855,15568457,408,38.158,"2015"
4856,15232190,397,38.369,"2015"
4858,39991090,821,48.711,"2015"
4859,13514131,319,42.365,"2015"
4860,259091073,6126,42.294,"2015"
4861,33126018,755,43.876,"2015"
4865,215392518,4280,50.326,"2015"
4868,570150153,11270,50.591,"2015"
4869,472840138,9491,49.82,"2015"
4870,2269247050,45037,50.387,"2015"
4871,243146425,5850,41.564,"2015"
4872,94958280,2368,40.101,"2015"
4873,160075218,3582,44.689,"2015"
4874,196840882,2645,74.42,"2015"
4875,133647294,2691,49.665,"2015"
4876,36502754,827,44.139,"2015"
4877,145099197,3573,40.61,"2015"
4878,389187034,7576,51.372,"2015"
4879,640661577,11622,55.125,"2015"
4880,303637327,6975,43.533,"2015"
4881,112011175,2479,45.185,"2015"
4882,77587647,1784,43.491,"2015"
4883,191409183,4512,42.423,"2015"
4884,52498283,1105,47.51,"2015"
4885,99080281,2284,43.381,"2015"
4886,16336905,441,37.046,"2015"
4887,35820569,889,40.294,"2015"
4888,45876639,1183,38.78,"2015"
4890,33240084,648,51.297,"2015"
4891,14749111,318,46.381,"2015"
4895,85773493,1918,44.721,"2015"
5000,476457387,7896,60.342,"2015"
5006,387101961,4272,90.614,"2015"
5007,203056824,3888,52.227,"2015"
5008,320411917,6826,46.94,"2015"
5009,136160669,2823,48.233,"2015"
5010,107359865,2505,42.859,"2015"
5011,317748540,6353,50.016,"2015"
5012,202585720,4903,41.319,"2015"
5013,217434896,4768,45.603,"2015"
5014,297936589,6269,47.526,"2015"
5015,174710942,3432,50.907,"2015"
5016,275479509,5029,54.779,"2015"
5017,107450662,2292,46.881,"2015"
5018,197941535,3578,55.322,"2015"
5019,278701462,5048,55.211,"2015"
5020,113168830,1949,58.066,"2015"
5021,231645107,3896,59.458,"2015"
5022,630732865,9596,65.729,"2015"
5023,384995703,8469,45.46,"2015"
5024,468589003,8501,55.122,"2015"
5025,238603645,4751,50.222,"2015"
5031,288086877,5547,51.936,"2015"
5032,391239164,7421,52.721,"2015"
5033,215455683,4507,47.805,"2015"
5034,440983291,6440,68.476,"2015"
5035,192820276,3605,53.487,"2015"
5037,284585184,5784,49.203,"2015"
5038,430470999,8991,47.878,"2015"
5039,246898971,4940,49.98,"2015"
5040,79038576,1373,57.567,"2015"
5041,474010667,8042,58.942,"2015"
5042,257353013,5645,45.59,"2015"
5043,426670344,9264,46.057,"2015"
5044,409902454,6633,61.798,"2015"
5045,656631475,10460,62.776,"2015"
5046,242779150,5023,48.334,"2015"
5047,202504511,4274,47.381,"2015"
5048,525299133,8529,61.59,"2015"
5049,358268539,6269,57.15,"2015"
5050,184016927,3408,53.996,"2015"
5051,512565020,9050,56.638,"2015"
5052,243231759,4032,60.326,"2015"
5061,593944882,6610,89.856,"2015"
5062,730502419,9754,74.893,"2015"
5063,498895550,7604,65.61,"2015"
5064,511008057,6397,79.883,"2015"
5065,510108901,6613,77.138,"2015"
5066,651158959,7995,81.446,"2015"
5067,464681674,6626,70.131,"2015"
5068,540673120,7544,71.67,"2015"
5069,399637397,5367,74.462,"2015"
5070,441219743,8016,55.043,"2015"
5072,450497937,7455,60.429,"2015"
5073,447493910,8623,51.896,"2015"
5074,321741846,6872,46.82,"2015"
5075,292816785,6057,48.344,"2015"
5076,303435186,5852,51.852,"2015"
5081,522512372,5894,88.652,"2015"
5082,526230827,8881,59.254,"2015"
5083,232798399,4308,54.039,"2015"
5084,172701475,4303,40.136,"2015"
5085,473667628,9572,49.485,"2015"
5086,398158072,8406,47.366,"2015"
5087,289066438,6075,47.583,"2015"
5088,78178204,1788,43.724,"2015"
5089,222023293,4128,53.785,"2015"
5090,184914868,4108,45.014,"2015"
5091,223125331,4412,50.573,"2015"
5092,451283467,9686,46.592,"2015"
5093,207021974,4712,43.936,"2015"
5094,19987859,466,42.893,"2015"
5095,566727601,11110,51.011,"2015"
5096,339586841,7418,45.779,"2015"
5097,387460573,7922,48.91,"2015"
5098,280060022,6103,45.889,"2015"
5106,4814977,99,48.637,"2015"
5107,343362286,8076,42.517,"2015"
5108,782210219,18383,42.551,"2015"
5109,485350687,10571,45.914,"2015"
5110,183226808,4007,45.727,"2015"
5111,16836484,288,58.461,"2015"
5112,312263735,7351,42.48,"2015"
5113,230633030,6055,38.09,"2015"
5114,785977043,16807,46.765,"2015"
5115,200526770,4603,43.565,"2015"
5116,204702670,4341,47.156,"2015"
5117,85310252,1658,51.454,"2015"
5118,531163111,10350,51.321,"2015"
5120,56822306,1299,43.744,"2015"
5121,28063889,679,41.332,"2015"
5125,627177304,11374,55.142,"2015"
5126,218012110,4332,50.326,"2015"
5127,254174805,4859,52.311,"2015"
5131,35653556,650,54.852,"2015"
5132,16725268,267,62.642,"2015"
5133,16497863,309,53.392,"2015"
5134,13317238,239,55.721,"2015"
5136,16781272,289,58.067,"2015"
5137,21661102,366,59.184,"2015"
5138,9485628,174,54.516,"2015"
5139,9008723,147,61.284,"2015"
5140,17956318,267,67.253,"2015"
5141,24588775,441,55.757,"2015"
5142,31714876,470,67.479,"2015"
5144,15500848,232,66.814,"2015"
5151,19593886,262,74.786,"2015"
5152,318992769,4263,74.829,"2015"
5153,237397607,3925,60.484,"2015"
5154,166834886,2303,72.443,"2015"
5155,135153076,2425,55.734,"2015"
5156,36469514,633,57.614,"2015"
5157,104399865,1914,54.546,"2015"
5158,758003141,15205,49.853,"2015"
5159,1045121329,20491,51.004,"2015"
5160,8606877,154,55.889,"2015"
5161,248646171,5563,44.697,"2015"
5162,808697383,18255,44.301,"2015"
5163,290130832,6783,42.774,"2015"
5164,74278981,1898,39.136,"2015"
5165,109069636,2512,43.42,"2015"
5166,35588716,871,40.86,"2015"
5167,149609214,3187,46.944,"2015"
5168,122695225,2733,44.894,"2015"
5169,400723585,8692,46.103,"2015"
5170,29271556,656,44.622,"2015"
5171,183448312,3703,49.541,"2015"
5172,120924583,2505,48.274,"2015"
5173,282322335,6320,44.672,"2015"
5174,65219580,1458,44.733,"2015"
5201,52546571,1173,44.797,"2015"
5202,21632958,466,46.423,"2015"
5203,27200737,689,39.479,"2015"
5204,54784017,1345,40.732,"2015"
5210,51860294,1099,47.189,"2015"
5211,312740686,7614,41.075,"2015"
5212,42606494,1098,38.804,"2015"
5213,32462875,707,45.917,"2015"
5214,155329729,3921,39.615,"2015"
5220,7917181,242,32.716,"2015"
5221,5804320,168,34.55,"2015"
5222,15412634,384,40.138,"2015"
5223,78282872,2014,38.87,"2015"
5231,43723316,703,62.196,"2015"
5232,14687554,268,54.805,"2015"
5233,43007534,872,49.321,"2015"
5234,42823471,860,49.795,"2015"
5235,57574706,1310,43.951,"2015"
5236,6367311,134,47.518,"2015"
5237,7745656,193,40.133,"2015"
5238,77784608,1954,39.808,"2015"
5240,15170564,309,49.096,"2015"
5241,70364658,1454,48.394,"2015"
5242,60569450,986,61.43,"2015"
5243,35343144,590,59.904,"2015"
5244,125083679,2467,50.703,"2015"
5245,113901229,1954,58.292,"2015"
5250,115476364,2105,54.859,"2015"
5251,407018471,8020,50.751,"2015"
5252,173834176,3547,49.009,"2015"
5253,376021318,9378,40.097,"2015"
5254,48614802,1154,42.128,"2015"
5255,227557619,5045,45.106,"2015"
5256,23623493,610,38.728,"2015"
5259,16074790,431,37.297,"2015"
5260,34736224,888,39.118,"2015"
5261,9410387,240,39.21,"2015"
5262,15230244,320,47.595,"2015"
5263,8228423,158,52.079,"2015"
5264,31282687,745,41.991,"2015"
5265,7463645,206,36.232,"2015"
5266,17423686,431,40.427,"2015"
5267,50136054,1255,39.95,"2015"
5268,105121865,2440,43.083,"2015"
5269,3268115,119,27.464,"2015"
5270,14649759,392,37.372,"2015"
5271,225109878,4895,45.988,"2015"
5272,26352010,553,47.653,"2015"
5273,4590628,88,52.167,"2015"
5275,61754704,1357,45.509,"2015"
5276,37137433,836,44.423,"2015"
5277,72410536,1636,44.261,"2015"
5278,16024301,323,49.611,"2015"
5279,8146568,199,40.938,"2015"
5280,189274179,3965,47.737,"2015"
5290,704799253,15081,46.735,"2015"
5291,202406047,3771,53.675,"2015"
5301,10854665,310,35.016,"2015"
5302,21613557,519,41.645,"2015"
5303,4448007,132,33.698,"2015"
5304,20565812,556,36.989,"2015"
5306,1357480,54,25.139,"2015"
5307,13453068,355,37.896,"2015"
5311,4411271,112,39.387,"2015"
5320,12166982,278,43.767,"2015"
5321,5421151,159,34.096,"2015"
5322,13626920,337,40.436,"2015"
5330,84397622,2041,41.352,"2015"
5331,6626021,166,39.916,"2015"
5332,9761639,215,45.403,"2015"
5333,148890252,3431,43.396,"2015"
5340,38303157,800,47.879,"2015"
5341,177085195,4376,40.468,"2015"
5342,21068190,511,41.23,"2015"
5343,123766894,2858,43.306,"2015"
5344,15943748,383,41.629,"2015"
5345,79137306,1897,41.718,"2015"
5346,6986158,170,41.096,"2015"
5350,12223296,236,51.794,"2015"
5351,169181851,3344,50.593,"2015"
5352,175613085,3238,54.236,"2015"
5353,106945152,2212,48.348,"2015"
5354,7084542,190,37.288,"2015"
5355,199058427,4256,46.772,"2015"
5356,19539727,441,44.308,"2015"
5357,6591287,191,34.51,"2015"
5360,36536447,745,49.043,"2015"
5371,44173457,851,51.908,"2015"
5372,56306212,1152,48.877,"2015"
5373,81322998,1782,45.636,"2015"
5374,30796350,736,41.843,"2015"
5381,7128898,183,38.956,"2015"
5400,22281067,441,50.524,"2015"
5401,20189524,440,45.886,"2015"
5410,6585734,147,44.801,"2015"
5411,7580615,176,43.072,"2015"
5412,28070662,610,46.018,"2015"
5413,20813832,464,44.858,"2015"
5414,3085056,97,31.805,"2015"
5415,5674377,133,42.665,"2015"
5416,4580577,125,36.645,"2015"
5417,32039773,760,42.158,"2015"
5418,2528205,61,41.446,"2015"
5419,6194384,138,44.887,"2015"
5422,25954147,649,39.991,"2015"
5431,22541754,525,42.937,"2015"
5432,4507515,101,44.629,"2015"
5433,35579726,681,52.247,"2015"
5434,10827462,234,46.272,"2015"
5440,8305783,149,55.744,"2015"
5451,16608595,419,39.639,"2015"
5452,12500441,274,45.623,"2015"
5453,152086692,3013,50.477,"2015"
5454,8227453,212,38.809,"2015"
5460,18194297,381,47.755,"2015"
5461,63280075,1337,47.33,"2015"
5462,15330387,304,50.429,"2015"
5464,13878850,276,50.286,"2015"
5470,3850905,77,50.012,"2015"
5471,2847437,70,40.678,"2015"
5472,2560030,79,32.406,"2015"
5473,17452144,357,48.886,"2015"
5480,22828736,484,47.167,"2015"
5481,11466282,320,35.833,"2015"
5482,13894255,321,43.285,"2015"
5483,8494028,193,44.011,"2015"
5485,16743199,327,51.203,"2015"
5490,3412169,76,44.897,"2015"
5491,55137824,1070,51.531,"2015"
5495,10691994,221,48.381,"2015"
5501,200162181,3860,51.856,"2015"
5502,45204106,838,53.943,"2015"
5510,3499286,72,48.602,"2015"
5520,14124560,281,50.266,"2015"
5521,5666560,86,65.891,"2015"
5522,30978107,667,46.444,"2015"
5523,52929662,954,55.482,"2015"
5540,337745144,6953,48.576,"2015"
5550,20931736,508,41.205,"2015"
5552,8165579,140,58.326,"2015"
5554,145298094,2796,51.967,"2015"
5555,19514966,341,57.229,"2015"
5556,74590137,1721,43.342,"2015"
5558,96153255,2177,44.168,"2015"
5560,16667330,248,67.207,"2015"
5570,8435024,198,42.602,"2015"
5571,41824764,887,47.154,"2015"
5572,5569310,90,61.882,"2015"
5573,59760443,1079,55.386,"2015"
5575,49603680,1204,41.2,"2015"
5576,25716755,611,42.09,"2015"
5577,12574590,327,38.455,"2015"
5580,9034171,209,43.226,"2015"
5581,13105142,285,45.983,"2015"
5582,15968788,323,49.439,"2015"
5583,15586503,356,43.783,"2015"
5600,235480229,3664,64.269,"2015"
5602,36223814,732,49.487,"2015"
5603,11452750,245,46.746,"2015"
5604,5069592,118,42.963,"2015"
5605,45644694,1020,44.75,"2015"
5606,436071092,8525,51.153,"2015"
5607,82470012,1838,44.87,"2015"
5608,327481153,5869,55.799,"2015"
5609,54790157,790,69.355,"2015"
5630,2704991,70,38.643,"2015"
5631,38233632,798,47.912,"2015"
5632,8785151,135,65.076,"2015"
5633,8769069,211,41.56,"2015"
5640,30895614,661,46.741,"2015"
5641,31848408,642,49.609,"2015"
5642,5525028,113,48.895,"2015"
5650,3928430,74,53.087,"2015"
5651,8096000,110,73.6,"2015"
5652,22264238,476,46.774,"2015"
5654,5224638,116,45.04,"2015"
5655,2650785,64,41.419,"2015"
5661,3977176,85,46.791,"2015"
5670,12155841,273,44.527,"2015"
5671,6591412,100,65.915,"2015"
5680,61219985,1289,47.495,"2015"
5690,110470318,2214,49.897,"2015"
5700,292858024,5569,52.588,"2015"
5701,2667994,55,48.509,"2015"
5710,71864047,1265,56.81,"2015"
5720,7101118,116,61.217,"2015"
5722,10958050,193,56.778,"2015"
5723,36303053,813,44.654,"2015"
5724,3996557,92,43.441,"2015"
5725,221420880,2422,91.421,"2015"
5730,2159751,52,41.534,"2015"
5731,21900317,312,70.194,"2015"
5732,3386262,91,37.212,"2015"
5733,2227091,58,38.399,"2015"
5734,2957402,73,40.513,"2015"
6000,804001805,9712,82.785,"2015"
6003,209857092,3508,59.823,"2015"
6004,571954449,7621,75.05,"2015"
6005,334241437,4318,77.407,"2015"
6006,450816108,5680,79.37,"2015"
6007,437683369,5127,85.369,"2015"
6008,998552307,9824,101.645,"2015"
6009,1536963471,11651,131.917,"2015"
6010,1206400222,10971,109.963,"2015"
6011,935464668,6484,144.273,"2015"
6012,659555502,5698,115.753,"2015"
6014,1235758025,13543,91.247,"2015"
6015,615977573,4730,130.228,"2015"
6016,474570084,6378,74.408,"2015"
6017,185320568,3176,58.351,"2015"
6018,1879370289,24706,76.07,"2015"
6019,1178613418,15507,76.006,"2015"
6020,1151206788,14387,80.018,"2015"
6021,842307051,12952,65.033,"2015"
6022,193207904,3234,59.743,"2015"
6023,719454827,10117,71.114,"2015"
6024,503249724,8542,58.915,"2015"
6025,1416455878,20227,70.028,"2015"
6026,948058371,14634,64.785,"2015"
6027,1740474691,27592,63.079,"2015"
6028,1033363457,14694,70.326,"2015"
6029,176224342,1957,90.049,"2015"
6030,1392907679,22864,60.922,"2015"
6031,562751922,9295,60.544,"2015"
6032,11834715,187,63.288,"2015"
6033,20042645,333,60.189,"2015"
6034,36102508,568,63.561,"2015"
6035,264095349,4307,61.318,"2015"
6036,512854596,8215,62.43,"2015"
6037,90707366,1507,60.191,"2015"
6038,177819269,2732,65.088,"2015"
6041,46172235,840,54.967,"2015"
6042,3186888,68,46.866,"2015"
6043,7605580,120,63.38,"2015"
6044,42760198,744,57.474,"2015"
6050,952765996,10367,91.904,"2015"
6051,560911987,8486,66.099,"2015"
6052,501697330,7284,68.877,"2015"
6053,598040440,8937,66.918,"2015"
6054,706868617,11865,59.576,"2015"
6055,748996160,11130,67.296,"2015"
6056,1358970815,22959,59.192,"2015"
6057,646102627,10383,62.227,"2015"
6058,445055701,7656,58.132,"2015"
6059,939187891,14672,64.013,"2015"
6060,968690474,15173,63.844,"2015"
6061,1003019430,20249,49.535,"2015"
6062,1123636528,20632,54.461,"2015"
6063,432674436,8326,51.967,"2015"
6064,821527869,16673,49.273,"2015"
6065,2303763719,37092,62.11,"2015"
6066,608022415,11225,54.167,"2015"
6067,3488857,53,65.828,"2015"
6068,3843948,57,67.438,"2015"
6069,1324116513,20494,64.61,"2015"
6070,165127823,2283,72.33,"2015"
6071,147983003,2173,68.101,"2015"
6072,36618730,598,61.236,"2015"
6073,129304436,2030,63.697,"2015"
6074,39773480,628,63.334,"2015"
6076,917805175,13683,67.077,"2015"
6077,45291060,601,75.36,"2015"
6078,29489130,419,70.38,"2015"
6081,193924120,2974,65.207,"2015"
6082,121810419,1944,62.66,"2015"
6083,162719898,2288,71.119,"2015"
6084,292636683,4593,63.714,"2015"
6090,15153979,188,80.607,"2015"
6100,692081016,10286,67.284,"2015"
6101,680463680,10756,63.264,"2015"
6102,356357745,7338,48.564,"2015"
6103,373559793,5922,63.081,"2015"
6104,564730012,8774,64.365,"2015"
6105,477955521,8656,55.217,"2015"
6106,13657145,175,78.041,"2015"
6107,1334747819,25260,52.841,"2015"
6108,758961407,14052,54.011,"2015"
6109,326059164,6364,51.235,"2015"
6110,1248391099,22089,56.517,"2015"
6111,788366276,13531,58.264,"2015"
6112,1785666219,30028,59.467,"2015"
6121,117822538,1767,66.68,"2015"
6122,606882223,9008,67.372,"2015"
6123,55263140,910,60.729,"2015"
6124,45869335,712,64.424,"2015"
6125,120937798,1782,67.867,"2015"
6126,7727487,152,50.839,"2015"
6147,461413667,8962,51.486,"2015"
6148,723785786,11091,65.259,"2015"
6149,815121212,12638,64.498,"2015"
6150,570644341,8834,64.597,"2015"
6151,1084784322,11420,94.99,"2015"
6152,1167568664,16059,72.705,"2015"
6153,1592176524,14233,111.866,"2015"
6154,451253099,6390,70.619,"2015"
6155,1973351652,32150,61.38,"2015"
6156,842629117,10300,81.809,"2015"
6157,665546557,8735,76.194,"2015"
6158,426198376,4871,87.498,"2015"
6159,233053543,2309,100.933,"2015"
6160,419610127,5838,71.876,"2015"
6161,7037598,140,50.269,"2015"
6162,521902318,7158,72.912,"2015"
6163,1876552466,30392,61.745,"2015"
6164,2279959262,34366,66.344,"2015"
6165,12277079,161,76.256,"2015"
6166,426980702,6101,69.986,"2015"
6167,779499632,13213,58.995,"2015"
6168,774730513,12883,60.136,"2015"
6169,1243833220,19840,62.694,"2015"
6170,388591884,6251,62.165,"2015"
6171,1153274865,16690,69.1,"2015"
6172,513602349,7787,65.957,"2015"
6173,527675543,6961,75.805,"2015"
6174,123390326,1860,66.339,"2015"
6175,148725990,2085,71.332,"2015"
6176,35285631,531,66.452,"2015"
6180,160248659,2461,65.116,"2015"
6181,20052656,292,68.674,"2015"
6207,32297605,509,63.454,"2015"
6208,371466783,5936,62.579,"2015"
6209,50912693,846,60.181,"2015"
6210,2421266335,38102,63.547,"2015"
6211,214157131,3325,64.409,"2015"
6213,23725083,395,60.064,"2015"
6214,23619774,405,58.321,"2015"
6215,139033707,2153,64.577,"2015"
6218,14215327,285,49.879,"2015"
6220,157061110,2765,56.804,"2015"
6221,5441464,111,49.023,"2015"
6223,9494384,140,67.818,"2015"
6224,37413899,658,56.861,"2015"
6225,315893260,4715,66.998,"2015"
6226,33440449,471,70.999,"2015"
6227,28712543,448,64.091,"2015"
6228,8407121,132,63.691,"2015"
6229,8106381,141,57.493,"2015"
6230,1562723108,24679,63.322,"2015"
6232,371236604,6045,61.413,"2015"
6233,724270635,10945,66.174,"2015"
6236,76388884,1316,58.047,"2015"
6237,96343827,1512,63.72,"2015"
6239,138893566,2645,52.512,"2015"
6240,2672974,64,41.766,"2015"
6244,44899542,944,47.564,"2015"
6251,9869512,210,46.998,"2015"
6253,17808519,406,43.864,"2015"
6254,13132145,249,52.74,"2015"
6255,118906249,2312,51.431,"2015"
6256,3138137,61,51.445,"2015"
6258,187458253,3905,48.005,"2015"
6260,46418931,952,48.76,"2015"
6262,19740457,409,48.266,"2015"
6271,103520939,1873,55.271,"2015"
6275,36126123,812,44.491,"2015"
6280,868554295,16025,54.2,"2015"
6281,295265919,4805,61.45,"2015"
6282,54741992,955,57.322,"2015"
6284,76538672,1313,58.293,"2015"
6285,322113395,6395,50.37,"2015"
6286,17472493,395,44.235,"2015"
6288,15860913,380,41.74,"2015"
6290,44086750,999,44.131,"2015"
6302,108801910,1978,55.007,"2015"
6304,53001297,911,58.18,"2015"
6306,38802710,587,66.104,"2015"
6308,55158490,870,63.401,"2015"
6309,10906691,157,69.47,"2015"
6311,17579064,303,58.017,"2015"
6312,144542782,2659,54.36,"2015"
6313,6401214,98,65.319,"2015"
6315,63787783,1234,51.692,"2015"
6316,15342643,212,72.371,"2015"
6317,115109141,2310,49.831,"2015"
6318,17662259,273,64.697,"2015"
6320,19284862,345,55.899,"2015"
6321,13122322,312,42.059,"2015"
6322,7994006,152,52.593,"2015"
6323,23035568,514,44.817,"2015"
6324,93908968,2059,45.61,"2015"
6326,12639044,313,40.381,"2015"
6327,4732317,119,39.768,"2015"
6328,14357470,290,49.509,"2015"
6330,1010969539,20268,49.881,"2015"
6333,160191010,3449,46.446,"2015"
6335,31244672,477,65.503,"2015"
6336,13939615,227,61.408,"2015"
6337,27902960,413,67.562,"2015"
6338,28349287,484,58.573,"2015"
6341,15534365,173,89.795,"2015"
6343,10543912,142,74.253,"2015"
6346,36959839,521,70.941,"2015"
6348,31855621,499,63.839,"2015"
6350,18213207,286,63.683,"2015"
6352,9277125,122,76.043,"2015"
6353,37006992,560,66.084,"2015"
6355,36322256,395,91.956,"2015"
6356,12372603,120,103.106,"2015"
6357,3487234,61,57.168,"2015"
6358,6365964,80,79.575,"2015"
6359,23467191,323,72.654,"2015"
6361,5888209,76,77.477,"2015"
6365,24213686,368,65.799,"2015"
6367,14883127,235,63.333,"2015"
6369,32970595,500,65.942,"2015"
6370,18526586,331,55.972,"2015"
6372,5189261,93,55.799,"2015"
6375,44058735,689,63.946,"2015"
6383,43389088,571,75.988,"2015"
6386,4755282,61,77.956,"2015"
6390,74229495,996,74.528,"2015"
6391,43863053,713,61.52,"2015"
6392,19923170,355,56.122,"2015"
6393,3353877,80,41.924,"2015"
6394,4662461,88,52.983,"2015"
6395,71338916,1426,50.028,"2015"
6396,10816165,226,47.86,"2015"
6398,12432981,294,42.29,"2015"
6401,217935568,3827,56.947,"2015"
6403,7573971,125,60.592,"2015"
6405,12013345,203,59.18,"2015"
6407,37096244,587,63.197,"2015"
6409,17187124,246,69.867,"2015"
6410,31945991,554,57.665,"2015"
6411,5936927,79,75.151,"2015"
6415,98187867,1689,58.134,"2015"
6418,30172997,406,74.318,"2015"
6420,5407371,80,67.593,"2015"
6421,5173177,98,52.788,"2015"
6423,5266108,97,54.29,"2015"
6425,5294396,84,63.029,"2015"
6426,30480767,456,66.844,"2015"
6429,23751882,386,61.534,"2015"
6430,1014348798,13803,73.488,"2015"
6431,2946670,55,53.576,"2015"
6432,271773531,4047,67.155,"2015"
6436,2254432,56,40.258,"2015"
6437,15131665,176,85.976,"2015"
6438,17516148,324,54.063,"2015"
6440,13235446,260,50.906,"2015"
6442,97830664,1257,77.829,"2015"
6443,20477880,387,52.915,"2015"
6445,11341154,129,87.916,"2015"
6446,9045783,105,86.151,"2015"
6447,6329732,82,77.192,"2015"
6448,10022042,211,47.498,"2015"
6450,454874564,8199,55.48,"2015"
6460,25633632,412,62.218,"2015"
6461,26267156,420,62.541,"2015"
6466,3497927,67,52.208,"2015"
6468,12270713,205,59.858,"2015"
6472,8938966,147,60.81,"2015"
6475,13474032,251,53.682,"2015"
6477,10352587,185,55.96,"2015"
6479,16967278,368,46.107,"2015"
6485,18092311,271,66.762,"2015"
6488,6124644,118,51.904,"2015"
6490,6768908,129,52.473,"2015"
6501,37195411,612,60.777,"2015"
6502,40206776,765,52.558,"2015"
6503,64214277,1355,47.391,"2015"
6504,3716827,68,54.66,"2015"
6505,3559366,86,41.388,"2015"
6507,20886578,354,59.002,"2015"
6509,8020051,126,63.652,"2015"
6510,65453975,1213,53.961,"2015"
6511,19324893,309,62.541,"2015"
6512,4623182,67,69.003,"2015"
6513,9298955,127,73.221,"2015"
6514,19426785,319,60.9,"2015"
6515,12768915,241,52.984,"2015"
6516,64210901,1040,61.742,"2015"
6517,14635970,276,53.029,"2015"
6518,8269542,127,65.115,"2015"
6519,16132742,316,51.053,"2015"
6521,10515020,224,46.943,"2015"
6522,19420455,305,63.674,"2015"
6525,131630241,2062,63.837,"2015"
6528,15017748,296,50.736,"2015"
6530,1164604810,19455,59.862,"2015"
6532,168834790,2702,62.486,"2015"
6535,42840398,891,48.082,"2015"
6536,44879875,855,52.492,"2015"
6537,25243915,508,49.693,"2015"
6556,74033839,1232,60.093,"2015"
6558,26990537,497,54.307,"2015"
6560,37341572,674,55.403,"2015"
6562,40108893,705,56.893,"2015"
6564,14004462,256,54.705,"2015"
6566,105806407,1926,54.936,"2015"
6567,3546615,66,53.737,"2015"
6568,9564723,150,63.765,"2015"
6569,11612529,197,58.947,"2015"
6571,4794204,73,65.675,"2015"
6575,6815623,116,58.756,"2015"
6603,44687703,763,58.569,"2015"
6606,7855717,134,58.625,"2015"
6608,3651036,70,52.158,"2015"
6609,29832366,551,54.143,"2015"
6612,9146971,147,62.225,"2015"
6616,2795045,61,45.821,"2015"
6620,11382435,215,52.942,"2015"
6623,22127197,402,55.043,"2015"
6630,17263818,315,54.806,"2015"
6635,3368111,77,43.742,"2015"
6638,11844036,237,49.975,"2015"
6640,4787429,113,42.367,"2015"
6642,21119323,400,52.799,"2015"
6646,5552832,118,47.058,"2015"
6701,173141027,3232,53.571,"2015"
6707,107738632,1715,62.822,"2015"
6710,88116459,720,122.384,"2015"
6713,75272863,655,114.921,"2015"
6714,928937966,10104,91.938,"2015"
6716,38807701,368,105.456,"2015"
6718,17529517,338,51.863,"2015"
6720,131748595,1370,96.167,"2015"
6721,291795927,2926,99.726,"2015"
6722,498807522,5920,84.259,"2015"
6725,463074616,7836,59.096,"2015"
6726,89399840,1402,63.766,"2015"
6728,106887405,1956,54.646,"2015"
6740,26584008,444,59.874,"2015"
6743,232351241,3866,60.102,"2015"
6751,161791350,1796,90.085,"2015"
6753,237909132,2671,89.072,"2015"
6754,85219786,841,101.332,"2015"
6758,3046958,51,59.745,"2015"
6760,5976746,102,58.596,"2015"
6765,37522461,806,46.554,"2015"
6770,38106101,769,49.553,"2015"
6798,68406874,925,73.954,"2015"
6799,12306250,246,50.026,"2015"
7000,513653660,8644,59.424,"2015"
7004,280661239,4537,61.861,"2015"
7005,559592764,8264,67.715,"2015"
7007,111014496,1815,61.166,"2015"
7008,384483311,7051,54.529,"2015"
7009,282976270,6369,44.431,"2015"
7010,329182196,7710,42.696,"2015"
7011,316245866,7224,43.778,"2015"
7012,22093230,467,47.309,"2015"
7015,307214802,6050,50.78,"2015"
7016,38063500,967,39.363,"2015"
7017,160003610,3226,49.599,"2015"
7018,616001236,11975,51.441,"2015"
7019,102558086,2445,41.947,"2015"
7020,85996249,1590,54.086,"2015"
7021,79135663,1525,51.893,"2015"
7022,23373894,501,46.655,"2015"
7023,9539199,195,48.919,"2015"
7024,18555798,345,53.785,"2015"
7025,57506535,1122,51.254,"2015"
7026,21490471,513,41.892,"2015"
7027,4610562,126,36.592,"2015"
7030,335139762,7672,43.684,"2015"
7050,330295357,6679,49.453,"2015"
7052,225373030,4189,53.802,"2015"
7053,130267352,2118,61.505,"2015"
7054,257436935,4994,51.55,"2015"
7055,11056570,231,47.864,"2015"
7109,210449449,4624,45.513,"2015"
7112,61127058,1484,41.191,"2015"
7113,24373361,565,43.139,"2015"
7116,44406020,1067,41.618,"2015"
7117,22075034,467,47.27,"2015"
7120,30295164,826,36.677,"2015"
7140,222113928,5230,42.47,"2015"
7150,72483635,1564,46.346,"2015"
7155,21968172,462,47.551,"2015"
7162,17525654,371,47.239,"2015"
7163,8710415,183,47.598,"2015"
7170,179240419,3130,57.266,"2015"
7171,78786318,1691,46.592,"2015"
7172,82760062,1843,44.906,"2015"
7173,149653826,3422,43.733,"2015"
7174,3604217,89,40.497,"2015"
7175,5027784,116,43.343,"2015"
7176,3454761,84,41.129,"2015"
7177,9422447,242,38.936,"2015"
7178,4173631,122,34.211,"2015"
7179,9339106,229,40.783,"2015"
7180,3034170,95,31.939,"2015"
7182,3986067,107,37.253,"2015"
7184,12532631,359,34.91,"2015"
7185,3045245,56,54.38,"2015"
7186,2618265,69,37.946,"2015"
7187,2005079,67,29.927,"2015"
7190,60788115,1570,38.719,"2015"
7209,10943784,218,50.201,"2015"
7210,21110635,510,41.394,"2015"
7211,4315728,109,39.594,"2015"
7212,49453658,1049,47.144,"2015"
7213,4570600,122,37.464,"2015"
7214,9202970,222,41.455,"2015"
7215,74919456,1811,41.37,"2015"
7216,57913855,1540,37.607,"2015"
7248,258233593,6518,39.619,"2015"
7249,276024556,5999,46.012,"2015"
7250,1462639998,27891,52.442,"2015"
7252,80435515,1556,51.694,"2015"
7253,86204091,1912,45.086,"2015"
7254,11843097,295,40.147,"2015"
7255,21982391,498,44.142,"2015"
7256,46744101,988,47.312,"2015"
7258,36418416,546,66.701,"2015"
7259,10913066,260,41.974,"2015"
7260,65542887,1628,40.26,"2015"
7261,6591568,189,34.877,"2015"
7262,42501944,962,44.181,"2015"
7263,11500507,290,39.657,"2015"
7264,10771322,275,39.169,"2015"
7265,4785556,116,41.255,"2015"
7267,19081026,447,42.687,"2015"
7268,27138445,576,47.116,"2015"
7270,82917310,1945,42.632,"2015"
7275,79522733,1765,45.056,"2015"
7276,12176418,294,41.417,"2015"
7277,153076112,3109,49.237,"2015"
7290,56959469,1253,45.459,"2015"
7291,15426145,317,48.663,"2015"
7292,15405967,347,44.398,"2015"
7300,89138212,1856,48.028,"2015"
7301,110729256,2327,47.585,"2015"
7302,39064832,908,43.023,"2015"
7303,60865040,1388,43.851,"2015"
7304,123335841,3062,40.28,"2015"
7305,22247475,536,41.507,"2015"
7306,83375365,2022,41.235,"2015"
7307,251378279,5318,47.27,"2015"
7310,634112283,14047,45.143,"2015"
7315,341528356,7481,45.653,"2015"
7316,155097439,3214,48.257,"2015"
7320,412238863,8525,48.357,"2015"
7321,101447457,2224,45.615,"2015"
7322,93357614,1923,48.548,"2015"
7325,198750844,4326,45.944,"2015"
7330,166035328,3637,45.652,"2015"
7331,18062190,358,50.454,"2015"
7467,38722989,782,49.518,"2015"
7468,21545022,410,52.549,"2015"
7469,18837532,341,55.243,"2015"
7470,22983941,350,65.669,"2015"
800,345853434,5579,61.993,"2015"
801,84912113,1100,77.193,"2015"
804,22701981,299,75.927,"2015"
810,1326501370,20792,63.799,"2015"
811,41264449,555,74.351,"2015"
812,735178752,11640,63.16,"2015"
813,10911018,165,66.128,"2015"
814,18983563,283,67.08,"2015"
820,1003860598,13388,74.983,"2015"
821,56957747,794,71.736,"2015"
822,231823908,5134,45.155,"2015"
828,50174433,698,71.884,"2015"
829,10085038,160,63.032,"2015"
830,728126926,11196,65.035,"2015"
831,103244393,1427,72.351,"2015"
832,568866240,7976,71.323,"2015"
834,26355359,372,70.848,"2015"
835,240450869,3325,72.317,"2015"
836,310055539,4678,66.28,"2015"
837,40161018,660,60.851,"2015"
838,26482984,439,60.326,"2015"
839,54804275,784,69.904,"2015"
840,8365763,144,58.096,"2015"
841,20815100,320,65.048,"2015"
845,20410774,388,52.606,"2015"
846,10619315,204,52.056,"2015"
847,7977764,171,46.654,"2015"
850,201336359,3715,54.196,"2015"
851,70109606,1250,56.088,"2015"
852,66034796,1692,39.028,"2015"
853,24265443,396,61.277,"2015"
854,18015299,422,42.691,"2015"
860,48030998,827,58.079,"2015"
861,31755745,664,47.825,"2015"
862,9027105,209,43.192,"2015"
870,773754843,13409,57.705,"2015"
871,139493578,2390,58.366,"2015"
872,140676881,3520,39.966,"2015"
880,35778693,633,56.523,"2015"
881,114095005,1738,65.648,"2015"
885,52027648,600,86.713,"2015"
886,51353896,808,63.557,"2015"
